subreddit,permalink,score,num_comments,title,body_text,image_url
movies,https://old.reddit.com/r/movies/comments/62sjuh/the_senate_upvote_this_so_that_people_see_it_when/,440012,5194,"The Senate. Upvote this so that people see it when they Google ""The Senate"".",,
movies,https://old.reddit.com/r/movies/comments/11ia0od/hi_im_keanu_reeves_ama/,299577,33312,"Hi, I’m Keanu Reeves, AMA",,
movies,https://old.reddit.com/r/movies/comments/iikebv/black_panther_actor_chadwick_boseman_dies_at_43/,201990,9663,‘Black Panther’ actor Chadwick Boseman dies at 43 after 4-year fight with colon cancer,,
movies,https://old.reddit.com/r/movies/comments/tzxev3/hello_im_nicolas_cage_and_welcome_to_ask_me/,199088,26141,"Hello, I’m Nicolas Cage and welcome to Ask Me Anything",,
movies,https://old.reddit.com/r/movies/comments/ztqlgb/hi_im_tobey_maguire_actorexecutive_producer_of/,197971,17411,"Hi, I’m Tobey Maguire, actor/executive producer of BABYLON and occasional superhero. AMA!",,
movies,https://old.reddit.com/r/movies/comments/b1i33f/disney_reinstates_director_james_gunn_for/,158707,11055,Disney Reinstates Director James Gunn For ‘Guardians Of The Galaxy 3’,,
movies,https://old.reddit.com/r/movies/comments/488gjl/leo_gets_the_oscar/,144312,14655,Leo gets the Oscar!,,
movies,https://old.reddit.com/r/movies/comments/wd47jv/please_bring_back_voice_actors_stop_celebrity/,142305,5146,"Please Bring Back Voice Actors, Stop Celebrity Voices",,
movies,https://old.reddit.com/r/movies/comments/77helj/hey_everyone_guillermo_here_i_wanted_the_reddit/,133884,2803,"Hey everyone, Guillermo here. I wanted the Reddit community to be the first to see the official artwork for my new film, The Shape of Water. Enjoy!",,
movies,https://old.reddit.com/r/movies/comments/ibjzqj/when_cast_in_big_fat_liar_john_cho_was_asked_to/,128848,3942,"When cast in ""Big Fat Liar"", John Cho was asked to do his role with an accent. He turned down the part, saying he didn't want young people thinking it was okay to laugh at someone's accent. In Cho's entire career, he has not once played a character with a fake accent",,
movies,https://old.reddit.com/r/movies/comments/9wgs9p/stan_lee_marvel_comics_reallife_superhero_dies_at/,123988,2943,"Stan Lee, Marvel Comics' Real-Life Superhero, Dies at 95",,
movies,https://old.reddit.com/r/movies/comments/ct5aya/matrix_4_officially_a_go_with_keanu_reeves/,123054,9780,"‘Matrix 4’ Officially a Go With Keanu Reeves, Carrie-Anne Moss and Lana Wachowski",,
movies,https://old.reddit.com/r/movies/comments/dni9j9/terminator_came_out_35_years_ago_here_are_some_of/,120023,2476,Terminator came out 35 years ago - here are some of my personal behind the scenes shots,,
movies,https://old.reddit.com/r/movies/comments/d7uulk/the_world_unites_on_one_thing_no_one_wants_a/,119169,3319,The World Unites on One Thing: No One Wants a Princess Bride Remake,,
movies,https://old.reddit.com/r/movies/comments/dwvtt3/joker_becomes_first_rrated_movie_to_gross_1/,115962,4741,'Joker' becomes first R-rated movie to gross $1 billion worldwide,,
movies,https://old.reddit.com/r/movies/comments/9jfncr/tom_hanks_as_mister_rogers_on_the_set_of_you_are/,115737,2451,Tom Hanks as Mister Rogers on the set of 'You Are My Friend',,
movies,https://old.reddit.com/r/movies/comments/jg10zn/first_image_of_tom_holland_as_nate_in_uncharted/,115277,6454,First Image of Tom Holland as Nate in Uncharted,,
movies,https://old.reddit.com/r/movies/comments/2da3m3/robin_williams_dead_at_63/,111120,12629,Robin Williams dead at 63,,
movies,https://old.reddit.com/r/movies/comments/bk14av/peter_mayhew_actor_of_chewbacca_from_star_wars/,110504,1925,"Peter Mayhew, actor of Chewbacca from 'Star Wars', has passed away",,
movies,https://old.reddit.com/r/movies/comments/11pypyb/brendan_fraser_wins_academy_award_for_best_actor/,109943,3186,Brendan Fraser Wins Academy Award for Best Actor for 'The Whale',,
movies,https://old.reddit.com/r/movies/comments/qgca14/dune_sequel_greenlit_by_legendary_for_exclusive/,109726,6463,‘Dune’ Sequel Greenlit By Legendary For Exclusive Theatrical Release,,
movies,https://old.reddit.com/r/movies/comments/jjadf6/jagshemash_my_name_borat_my_new_moviefilm_is/,109440,8997,"Jagshemash. My name Borat. My new moviefilm is streams in Amazon. Please you will watch then spray me with questions. I strong, I have survive syphilis 17 time, I can take whatever you want pump on me! AMA!","My name Borat Sagdiyev, I have age of 536 moons and length 19.3 centimeters.  I from town of Kuzcek and am #4 journalist in all of Kazakhstan. Prior to this I train for two year for job sticking labels on apples, but week before I was due to commence employ my country apple tree fell over so I retrain 8 month and become ice maker. I was fire from this job after being false accused by my asshole neighbor Nursultan Tulyakbay of stealing this treasure and eating at workplace. I subsequent became traffic light operator – I would paint the discs red for cart stop then green for cart go – I then brief do computer maintenance removing dead birds from its pipes, then I become journalist.
Proof:
https://i.redd.it/j79xnwidpwu51.jpg
Your questions give me great pleasure. I must now go make liquid release.  Chenquieh.",
movies,https://old.reddit.com/r/movies/comments/bx6f20/first_poster_for_wonder_woman_1984/,107218,4829,First poster for ‘Wonder Woman 1984’,,
movies,https://old.reddit.com/r/movies/comments/xqfqah/guy_on_doomed_planet_mostly_concerned_with_skin/,105033,4983,Guy On Doomed Planet Mostly Concerned With Skin Color Of People In Movies,,
movies,https://old.reddit.com/r/movies/comments/8dy86c/verne_troyer_passed_away_today/,104323,3301,Verne Troyer passed away today,,
movies,https://old.reddit.com/r/movies/comments/ghjq0f/comedian_jerry_stiller_seinfield_star_and_father/,104316,2545,"Comedian Jerry Stiller, Seinfield Star And Father Of Ben Stiller, Dies Aged 92",,
movies,https://old.reddit.com/r/movies/comments/u27agl/gilbert_gottfried_comedian_and_aladdin_star_dies/,104126,4785,"Gilbert Gottfried, Comedian and ‘Aladdin’ Star, Dies at 67",,
movies,https://old.reddit.com/r/movies/comments/6s68f5/first_image_of_josh_brolin_as_cable_in_deadpool_2/,103093,4448,First Image of Josh Brolin as Cable in Deadpool 2,,
movies,https://old.reddit.com/r/movies/comments/8235q9/jordan_peele_is_the_first_black_writer_to_win/,102880,4016,Jordan Peele is the first black writer to win Oscar for best original screenplay.,,
movies,https://old.reddit.com/r/movies/comments/jgvm6o/assholes_of_rmovie_great_success_join_us_for_an/,102880,2820,"ASSHOLES OF R/MOVIE, GREAT SUCCESS! Join us for an AMA with famous journalist Borat this October 27th at 3:30 PT",,
movies,https://old.reddit.com/r/movies/comments/adchof/golden_globes_spiderman_into_the_spiderverse_wins/,102396,3428,Golden Globes: 'Spider-Man: Into the Spider-Verse' Wins Best Animated Feature,,
movies,https://old.reddit.com/r/movies/comments/tzamgu/willsmith_banned_from_attending_oscars_ceremony/,102230,10499,WillSmith Banned from Attending Oscars Ceremony and Academy Events for 10 Years,,
movies,https://old.reddit.com/r/movies/comments/8yn412/zombieland_sequel_a_go_with_emma_stone_woody/,101974,2782,"'Zombieland' Sequel a Go With Emma Stone, Woody Harrelson, Jesse Eisenberg, Abigail Breslin",,
movies,https://old.reddit.com/r/movies/comments/karqzi/first_image_of_pixars_lightyear_starring_chris/,101914,3295,First image of Pixar's 'Lightyear' Starring Chris Evans - the definitive story of the original Buzz Lightyear,,
movies,https://old.reddit.com/r/movies/comments/g2gqgc/how_the_halo_jump_scene_from_mi_fallout_was/,100987,2705,How the HALO jump scene from MI: Fallout was filmed. The cameraman also jumped with Tom Cruise.,,
movies,https://old.reddit.com/r/movies/comments/91wlaz/ryan_reynolds_to_produce_stoned_alone_rrated/,100155,2086,Ryan Reynolds to Produce 'Stoned Alone' - R-Rated Re-imagining of Classic 'Home Alone',,
movies,https://old.reddit.com/r/movies/comments/6gfr9n/adam_west_straightfaced_star_of_tvs_batman_dies/,99127,2753,"Adam West, Straight-Faced Star of TV's 'Batman,' Dies at 88",,
movies,https://old.reddit.com/r/movies/comments/7dtn5i/pixars_incredibles_2_trailer/,98823,4150,Pixar's Incredibles 2 Trailer,,
movies,https://old.reddit.com/r/movies/comments/ip3c4v/borat_2_has_already_been_shot_and_screened_by/,97924,3651,'Borat 2' Has Already Been Shot and Screened by Sacha Baron Cohen,,
movies,https://old.reddit.com/r/movies/comments/5kkzmo/carrie_fisher_dead_at_age_60/,97618,5913,Carrie Fisher dead at age 60,,
movies,https://old.reddit.com/r/movies/comments/cgbt3j/james_cameron_congratulates_avengers_endgame_on/,97600,4537,James Cameron congratulates Avengers: Endgame on becoming the biggest film of all time,,
movies,https://old.reddit.com/r/movies/comments/d3p7e9/finally_filming_kung_fury_2/,97270,1268,Finally filming Kung Fury 2,,
movies,https://old.reddit.com/r/movies/comments/7k0uie/why_everybody_should_be_very_afraid_of_the_disney/,97253,6845,"Why Everybody Should Be Very Afraid of the Disney Death Star: “Disney would control as much as 40 percent of the the U.S. movie business, and 40 percent of the U.S. television business”",,
movies,https://old.reddit.com/r/movies/comments/f1l1vk/parasite_wins_best_picture_at_the_92nd_academy/,96872,6546,Parasite Wins Best Picture at the 92nd Academy Awards,,
movies,https://old.reddit.com/r/movies/comments/f8v73d/harvey_weinstein_guilty_jury_convicts_him_of_rape/,96832,4133,"Harvey Weinstein Guilty: Jury Convicts Him of Rape, Criminal Sexual Act",,
movies,https://old.reddit.com/r/movies/comments/6fkii4/rip_peter_sallis_wallace_and_gromit/,96702,999,RIP Peter Sallis - Wallace and Gromit,,
movies,https://old.reddit.com/r/movies/comments/u1922r/we_told_nicolas_cage_that_his_ama_had_more/,95569,2971,we told nicolas cage that his AMA had more comments than obama's. this is how he responded.,,
movies,https://old.reddit.com/r/movies/comments/y3z0r4/robbie_coltrane_comic_performer_who_played_hagrid/,95359,2405,"Robbie Coltrane, Comic Performer Who Played Hagrid in ‘Harry Potter’ Movies, Dies at 72",,
movies,https://old.reddit.com/r/movies/comments/9jojjy/ryan_reynolds_starring_in_movie_about_a_man_who/,95119,2571,Ryan Reynolds starring in movie about a man who realizes he's a background character in a video game. Stranger Things' producer Shawn Levy to direct,,
movies,https://old.reddit.com/r/movies/comments/6rjwo1/there_are_less_than_a_dozen_remaining/,94594,3686,"There are less than a dozen remaining Blockbusters in the United States. One of them has a Twitter account, and it's pretty hilarious.",,
movies,https://old.reddit.com/r/movies/comments/7vnh5s/new_deadpool_2_poster/,94244,2099,New 'Deadpool 2' Poster,,
movies,https://old.reddit.com/r/movies/comments/tn232n/keanu_reeves_films_pulled_from_chinese_streaming/,93668,3545,Keanu Reeves Films Pulled from Chinese Streaming Platforms Over His Support for Tibet,,
movies,https://old.reddit.com/r/movies/comments/11u08ib/the_wire_john_wick_star_lance_reddick_dead_at_60/,93442,5164,'The Wire' & 'John Wick' Star Lance Reddick Dead at 60,,
movies,https://old.reddit.com/r/movies/comments/izk0ny/ten_years_later_the_social_network_has_become_a/,93117,2850,"Ten Years Later, 'The Social Network' Has Become a Supervillain Origin Story",,
movies,https://old.reddit.com/r/movies/comments/7n9jg5/christopher_nolans_dunkirk_is_the_only_liveaction/,92974,4805,"Christopher Nolan's Dunkirk is the only live-action film in the top 25 worldwide box office of 2017 to be original—not an adaptation, remake or sequel.",,
movies,https://old.reddit.com/r/movies/comments/m1ezgs/first_image_of_adam_driver_and_lady_gaga_as/,92800,2559,"First image of Adam Driver and Lady Gaga as Maurizio Gucci and Patrizia Reggiani in Ridley Scott’s ‘House of Gucci’ - The story of how Patrizia Reggiani, the ex-wife of Maurizio Gucci, plotted to kill her husband, the grandson of renown fashion designer Guccio Gucci.",,
movies,https://old.reddit.com/r/movies/comments/ipj2kc/dune_official_trailer/,92581,10583,Dune Official Trailer,,
movies,https://old.reddit.com/r/movies/comments/ieu6pf/the_batman_dc_fandome_teaser/,92099,9159,The Batman - DC FanDome Teaser,,
movies,https://old.reddit.com/r/movies/comments/e1ylut/netflix_takes_over_lease_to_iconic_but_failed/,91091,1962,Netflix takes over lease to iconic but failed 71-year-old movie theater in New York City to show its own original films.,,
movies,https://old.reddit.com/r/movies/comments/6cjpz1/netflix_got_booed_at_cannes_but_its_not/,91085,6142,"Netflix got booed at Cannes, but it's not responsible for killing movies; at least it finances auteurs. A lot of blame should go to the major studios, which have become sequel and franchise-obsessed",,
movies,https://old.reddit.com/r/movies/comments/1lm5p6h/new_poster_for_the_naked_gun/,90344,1818,New Poster for 'The Naked Gun',,
movies,https://old.reddit.com/r/movies/comments/jcwiyf/my_grandmother_kept_a_diary_of_the_films_shed/,90292,2215,My Grandmother kept a diary of the films she'd seen and gave them ratings. This was her diary from 1942.,,
movies,https://old.reddit.com/r/movies/comments/nofv1b/i_hate_inconsistent_movie_volume/,90181,6471,I hate inconsistent movie volume,"In every single movie of series, there is a horrible ratio between action scene volume and conversation volume. Everytime, I need to up the volume so I can at least understand what's being said in a convesation before being blasted away by a sudden action scene, forcing me to quickly lower it again. Am the only one struggling with this?",
movies,https://old.reddit.com/r/movies/comments/vcxv3p/first_image_of_ryan_gosling_from_barbie/,90093,5610,First Image of Ryan Gosling from Barbie,,
movies,https://old.reddit.com/r/movies/comments/t3cy47/yes_ukrainian_president_volodymyr_zelensky_did/,89790,1531,"Yes, Ukrainian President Volodymyr Zelensky Did Voice Paddington, StudioCanal Confirms",,
movies,https://old.reddit.com/r/movies/comments/905tp1/new_picture_of_john_wick_3/,89641,2224,New picture of John Wick 3,,
movies,https://old.reddit.com/r/movies/comments/k34e08/dave_prowse_darth_vader_actor_dies_aged_85/,89368,1976,Dave Prowse: Darth Vader actor dies aged 85,,
movies,https://old.reddit.com/r/movies/comments/da1ohq/sony_marvel_make_up_companies_will_produce_third/,89194,4208,"Sony, Marvel Make Up: Companies Will Produce Third ‘Spider-Man’ Film",,
movies,https://old.reddit.com/r/movies/comments/7m8jj0/about_60_artists_who_created_hero_makeups_and/,89117,4354,About 60 artists who created hero makeups and background masks in 'Bright' were left out of the credits,,
movies,https://old.reddit.com/r/movies/comments/jjptsb/borat_sequel_fans_raise_50000_for_unemployed/,88788,5868,"'Borat' Sequel Fans Raise $50,000 for Unemployed Babysitter Duped in Sacha Baron Cohen Film",,
movies,https://old.reddit.com/r/movies/comments/140yes7/dont_let_reddit_kill_3rd_party_apps/,88552,1323,Don't Let Reddit Kill 3rd Party Apps!,,
movies,https://old.reddit.com/r/movies/comments/9la4am/the_movie_the_princess_bride_meant_so_much_to/,88505,1988,"The movie ""The Princess Bride"" meant so much to Andre the Giant that he made his wrestling friends watch an advanced copy of the VHS with him over, and over, and over again. He'd supply dinner, drinks and sweetly asking them each time, “What did you think of the movie? Did you like my performance?”",,
movies,https://old.reddit.com/r/movies/comments/uyb024/goodfellas_star_ray_liotta_dies_at_67/,88196,4768,‘Goodfellas’ Star Ray Liotta Dies at 67,,
movies,https://old.reddit.com/r/movies/comments/7d49bs/deadpool_2_official_hd_deadpools_wet_on_wet/,88084,3067,"Deadpool 2 | Official HD Deadpool's ""Wet on Wet"" Teaser | 2018",,
movies,https://old.reddit.com/r/movies/comments/xpsn6p/deadpool_3_hugh_jackman_returning_as_wolverine/,87436,4157,"'Deadpool 3': Hugh Jackman Returning as Wolverine, Sets September 9, 2024 Release Date",,
movies,https://old.reddit.com/r/movies/comments/65dbxi/star_wars_the_last_jedi_official_teaser_trailer/,87047,8720,Star Wars: The Last Jedi - Official Teaser Trailer,,
movies,https://old.reddit.com/r/movies/comments/7qjmly/the_first_film_to_be_screened_in_saudi_arabia/,86576,3031,The first film to be screened in Saudi Arabia after a 35-year ban on cinemas was 'The Emoji Movie',,
movies,https://old.reddit.com/r/movies/comments/dt3ejz/first_images_from_the_new_animated_scoobydoo_film/,86375,3794,First images from the new animated Scooby-Doo film 'SCOOB!' via Fandango,,
movies,https://old.reddit.com/r/movies/comments/fsdffe/a_texas_theater_shut_down_a_few_weeks_ago_this/,86367,1996,A Texas theater shut down a few weeks ago. This week they decided to turn their outside wall & parking lot into a drive-in theater with free screenings & carry-out food for sale. Every ticket through Tuesday has been sold out and the theater is planning on adding additional showtimes to meet demand.,,
movies,https://old.reddit.com/r/movies/comments/dv8fcl/sonic_the_hedgehog_2020_new_official_trailer/,86225,7578,Sonic The Hedgehog (2020) - New Official Trailer - Paramount Pictures,,
movies,https://old.reddit.com/r/movies/comments/8ut00l/first_poster_for_the_upcoming_film_glass/,86084,4426,"First poster for the upcoming film ""Glass""",,
movies,https://old.reddit.com/r/movies/comments/fkp2j3/cats_fans_demand_universal_pictures_to_release/,84806,3063,‘Cats’ fans demand Universal Pictures to ‘release the butthole cut’,,
movies,https://old.reddit.com/r/movies/comments/a96wam/netflixs_upcoming_black_mirror_film_will_be_a/,83910,2112,Netflix's Upcoming 'Black Mirror' Film Will be a Choose-Your-Own-Adventure With 5+ Hours of Footage,,
movies,https://old.reddit.com/r/movies/comments/7tudsh/tom_hanks_to_play_mr_rogers_in_you_are_my_friend/,83844,2652,Tom Hanks to Play Mr. Rogers in ‘You Are My Friend’,,
movies,https://old.reddit.com/r/movies/comments/al4cye/first_official_image_from_zombieland_double_tap/,83302,2457,"First Official Image from ""Zombieland: Double Tap""",,
movies,https://old.reddit.com/r/movies/comments/bmfu49/james_cameron_congratulates_kevin_feige_and_marvel/,83289,3411,James Cameron congratulates Kevin Feige and Marvel!,,
movies,https://old.reddit.com/r/movies/comments/bj6kr1/movie_posters_for_toy_story_4_and_childs_play/,83269,1746,"Movie posters for ""Toy Story 4"" and ""Child's Play""",,
movies,https://old.reddit.com/r/movies/comments/79js4l/i_listed_more_than_1800_mustsee_movies_and/,82814,2753,"I listed more than 1,800 must-see movies and arranged them by genre and themes on a giant imaginary roadmap",,
movies,https://old.reddit.com/r/movies/comments/k6ox7e/oscar_isaac_to_star_as_solid_snake_in_sonys_metal/,82736,5590,Oscar Isaac To Star As Solid Snake In Sony’s ‘Metal Gear Solid’ Movie,,
movies,https://old.reddit.com/r/movies/comments/ihrk4f/joe_ruby_the_cocreator_of_scoobydoo_has_died_at_87/,82385,1413,"Joe Ruby, the co-creator of ""Scooby-Doo,"" has died at 87",,
movies,https://old.reddit.com/r/movies/comments/a3znlo/marvel_studios_avengers_official_trailer/,82063,9580,Marvel Studios' Avengers - Official Trailer,,
movies,https://old.reddit.com/r/movies/comments/atvypd/ryan_reynolds_free_guy_receives_july_3_2020/,81625,1859,"Ryan Reynolds’ 'Free Guy' Receives July 3, 2020 Release Date - About a bank teller stuck in his routine that discovers he’s an NPC character in brutal open world game.",,
movies,https://old.reddit.com/r/movies/comments/113zdzt/bruce_willis_diagnosed_with_dementia/,80825,4373,Bruce Willis Diagnosed With Dementia,,
movies,https://old.reddit.com/r/movies/comments/pjqwpl/first_poster_for_the_matrix_resurrections/,80339,5224,First poster for 'The Matrix Resurrections',,
movies,https://old.reddit.com/r/movies/comments/oa8a7i/mad_max_fans_and_more_raise_over_70000_to_fund/,80225,4097,"‘Mad Max’ Fans and More Raise Over $70,000 to Fund Brain Surgery for Injured Furiosa Stunt Woman - Dayna Grant is a stunt double for Charlize Theron, Lucy Lawless, and more.",,
movies,https://old.reddit.com/r/movies/comments/506s48/gene_wilder_dead_at_83/,79992,3735,Gene Wilder Dead at 83,,
movies,https://old.reddit.com/r/movies/comments/935ons/the_cast_of_guardians_of_the_galaxy_release/,79746,9600,The Cast of Guardians of the Galaxy release statement on James Gunn,,
movies,https://old.reddit.com/r/movies/comments/j0d0o8/borat_sequel_titled_borat_gift_of_pornographic/,79559,3754,Borat sequel titled Borat: Gift of Pornographic Monkey to Vice Premiere Mikhael Pence to Make Benefit Recently Diminished Nation of Kazakhstan,,
movies,https://old.reddit.com/r/movies/comments/lcgakt/hayao_miyazaki_got_so_bored_with_retirement_he/,79348,1866,Hayao Miyazaki Got So Bored with Retirement He Started Directing Again ‘in Order to Live’,,
movies,https://old.reddit.com/r/movies/comments/kez0j2/first_image_of_eddie_murphy_and_arsenio_hall_in/,79327,3165,First image of Eddie Murphy and Arsenio Hall in Coming 2 America,,
