subreddit,permalink,score,num_comments,title,body_text,image_url
Travel,https://old.reddit.com/r/travel/comments/1fwhf8f/i_cycled_across_mongolia_here_are_some_pics/,97608,1142,I cycled across Mongolia. Here are some pics.,"Photo Locations:
1, 3, 8-16, 20: Altai Mountains
4,5,6,7: Near Bulgan, Khovd Province
17-19: Naadaam Festival in Khovd","['https://preview.redd.it/pvn6d58nxusd1.jpg?width=108&crop=smart&auto=webp&s=531c26f9b5edb61c3cee2158a04a6f1f71012d8d', 'https://preview.redd.it/mzm9x1anxusd1.jpg?width=108&crop=smart&auto=webp&s=593f34a54e0fac66f08961be90e4c958b747a753', 'https://preview.redd.it/i4v5jx9nxusd1.jpg?width=108&crop=smart&auto=webp&s=2eec853ef93af49b19b2d763c047716d710b7ef7', 'https://preview.redd.it/qo92zsanxusd1.jpg?width=108&crop=smart&auto=webp&s=96aa5e5730e589ca887223bfec3a0b1e0cfaa052', 'https://preview.redd.it/tunhx0anxusd1.jpg?width=108&crop=smart&auto=webp&s=f6292ab1c541e8c252d33185744f9fca35779974', 'https://preview.redd.it/mrs78z9nxusd1.jpg?width=108&crop=smart&auto=webp&s=fd3136e3c6ab8b47c5e35136434c025d3a3ca987', 'https://preview.redd.it/2syzv68nxusd1.jpg?width=108&crop=smart&auto=webp&s=7cda328a37ba1a52ed30318b63ebab4838c06757', 'https://preview.redd.it/20fmt48nxusd1.jpg?width=108&crop=smart&auto=webp&s=ce8ed4e99088d640dcb4fcec0c9c371f7fbbddd8', 'https://preview.redd.it/gn4260bnxusd1.jpg?width=108&crop=smart&auto=webp&s=7c15a9222fa83b6faa8f02090cf9827e2bfdd3f0', 'https://preview.redd.it/wg3mc78nxusd1.jpg?width=108&crop=smart&auto=webp&s=91958c32b332a5876cadc474df714635783ef588', 'https://preview.redd.it/pqb8e78nxusd1.jpg?width=108&crop=smart&auto=webp&s=8ff0fcd9324d07061229d4b6df2fe3ed55acd8a3', 'https://preview.redd.it/4vcq2vanxusd1.jpg?width=108&crop=smart&auto=webp&s=95ff200b6820a76ea1925352d5de9f9e70aa1a71', 'https://preview.redd.it/u7bsm78nxusd1.jpg?width=108&crop=smart&auto=webp&s=740f3a14274a615c3efcee3c8cac5e814c21ab54', 'https://preview.redd.it/bizmv78nxusd1.jpg?width=108&crop=smart&auto=webp&s=da4c58eecda6237c2f23e91738f59bdc1961e29c', 'https://preview.redd.it/iys87z9nxusd1.jpg?width=108&crop=smart&auto=webp&s=c6142bc1e92a6e6408b1ff798b8ffa7f358b3351', 'https://preview.redd.it/k4l4k1bnxusd1.jpg?width=108&crop=smart&auto=webp&s=72d0e2c8f7094245f1112f2df785f10b86773920', 'https://preview.redd.it/rtxqhuanxusd1.jpg?width=108&crop=smart&auto=webp&s=5f4249cea72eb42527c7bd849769dc1b5e050608', 'https://preview.redd.it/viat078nxusd1.jpg?width=108&crop=smart&auto=webp&s=79844ae28b80f0353bfb4c7c2cd5334e572a46d0', 'https://preview.redd.it/67t5i78nxusd1.jpg?width=108&crop=smart&auto=webp&s=6596396dca83b98c29ec482d04159f283ec08897', 'https://preview.redd.it/vw5xo88nxusd1.jpg?width=108&crop=smart&auto=webp&s=5a704d485627a9c5bcc3bdeb7013dc42f8872534']"
Travel,https://old.reddit.com/r/travel/comments/lvzqh4/i_visited_north_korea_recently_these_are_some_of/,58397,2795,"I visited North Korea recently, these are some of the photos.",,"['https://preview.redd.it/9cn7z0bamlk61.jpg?width=108&crop=smart&auto=webp&s=ba4106a1cd4c80e6920f2fb02c1f68d99933e8cb', 'https://preview.redd.it/8dcbz0bamlk61.jpg?width=108&crop=smart&auto=webp&s=e525d7d0787987a12af3fa692be7d63ac65e39b8', 'https://preview.redd.it/x92x8adamlk61.jpg?width=108&crop=smart&auto=webp&s=e01353153811bab262874ecacfa0f0a9691afebd', 'https://preview.redd.it/fgdl92bamlk61.jpg?width=108&crop=smart&auto=webp&s=9c9329348944f345e9deec2dfb6a511911d8ccd3', 'https://preview.redd.it/m9mi90bamlk61.jpg?width=108&crop=smart&auto=webp&s=d7a22d26122fc7c1f340eb53f81899cae1e4ad88', 'https://preview.redd.it/dcatm0bamlk61.jpg?width=108&crop=smart&auto=webp&s=9cae534581c54a9f548bbb789047c53b9f3ad7fb', 'https://preview.redd.it/fnzd31bamlk61.jpg?width=108&crop=smart&auto=webp&s=d606e57622aa6a31dfc56dbf1cf46de50468f255', 'https://preview.redd.it/xyrx2zaamlk61.jpg?width=108&crop=smart&auto=webp&s=6e8bebfdf1c55e9d833d8baaf78127c39578fdef', 'https://preview.redd.it/n08tk1bamlk61.jpg?width=108&crop=smart&auto=webp&s=959889d4bebbad5195a7f76110f01107f00484ef']"
Travel,https://old.reddit.com/r/travel/comments/7rilk2/taken_with_a_phone_out_of_my_hotel_window_in/,44119,625,Taken with a phone out of my hotel window in Venice... and no boats!,,https://i.redd.it/wbttw6vv91b01.jpg
Travel,https://old.reddit.com/r/travel/comments/f18092/taking_a_ride_on_the_bernina_express_through_the/,41557,458,Taking a ride on the Bernina Express through the Alps,,
Travel,https://old.reddit.com/r/travel/comments/8h6aao/wife_and_i_hate_big_social_events_and_love/,36243,543,"Wife and I hate big social events and love traveling. So rather than a normal wedding, traveled to Switzerland and did our vows in private. Photo from the day",,https://i.redd.it/j5jmw72jxyv01.jpg
Travel,https://old.reddit.com/r/travel/comments/95l2e6/the_exact_moment_i_took_a_step_too_close_to_the/,34670,1605,The exact moment I took a step too close to the border between North and South Korea and got a push on the butt from two NK soldiers. What's your favorite travel photo of yourself?,,https://i.redd.it/momt1snique11.jpg
Travel,https://old.reddit.com/r/travel/comments/7d182d/splurged_on_a_hotel_in_patagonia/,33127,488,Splurged on a hotel in Patagonia,,
Travel,https://old.reddit.com/r/travel/comments/1osg7r3/a_glimpse_of_uzbekistan/,31453,616,A glimpse of Uzbekistan,"The cities of Khiva, Samarkand, and Bukhara are the three primary cities people travel to when visiting Uzbekistan. I didn‚Äôt quite know what to expect when traveling here but anybody who is up for an adventure should seriously consider adding this country to their wishlist.
1-4: Khiva. The city has a walled old town area that can be circumnavigated by walking in 10 minutes. Tons of picturesque allyways to explore and the best part, no cars allowed in the old town!
5-10: Samarkand. Not the capital of the country, but long considered to be the historical capital of the Silk Road. The city‚Äôs most prominent tourist site is Registan Square, which hosts a nightly light show.
11-13: Bukhara. An old city with equally old tourist sites. The main attraction is the Po-i- Kalyan (town square area) that displays a centuries old tower.
Traveling through this country is convenient due to the frequent trains, including standard passenger trains for shorter journeys, overnight trains with communal bunk bed/private rooms, and the occasional former USSR trains.","['https://preview.redd.it/ivk73e4gm70g1.jpg?width=108&crop=smart&auto=webp&s=c493c560cbc488bc4c4d0ed44156c42c541b321d', 'https://preview.redd.it/dj3snm4gm70g1.jpg?width=108&crop=smart&auto=webp&s=8d5bd470684baf086fd0b9ac1b1956aedcab3860', 'https://preview.redd.it/d53o3f4gm70g1.jpg?width=108&crop=smart&auto=webp&s=608ace09f96a124b524d87872d564ee5d44305c5', 'https://preview.redd.it/lznzem4gm70g1.jpg?width=108&crop=smart&auto=webp&s=b6fab2bc092406656d0de1d63d0c86a45b61e2fe', 'https://preview.redd.it/xoeakm4gm70g1.jpg?width=108&crop=smart&auto=webp&s=28aa3dc548f88aabd0b8c9779c6481f105e0168f', 'https://preview.redd.it/33tozn4gm70g1.jpg?width=108&crop=smart&auto=webp&s=8defa3606156caf0a8828fd898dd73e927d0af05', 'https://preview.redd.it/7fcein4gm70g1.jpg?width=108&crop=smart&auto=webp&s=772f21236830b2dc2cf71638d181ca3dc7f8164a', 'https://preview.redd.it/5w1qkf4gm70g1.jpg?width=108&crop=smart&auto=webp&s=60cd98c94fbdbc90d21a670d70f1900a87b53b6d', 'https://preview.redd.it/myoiie4gm70g1.jpg?width=108&crop=smart&auto=webp&s=4cc3621ee39d71a1e6e42f4670767be7af767c28', 'https://preview.redd.it/d8825e4gm70g1.jpg?width=108&crop=smart&auto=webp&s=99fbf7036c82c3dad691819ae841acbabfdc295b', 'https://preview.redd.it/w2ag1g4gm70g1.jpg?width=108&crop=smart&auto=webp&s=6df73fa04c30d87c4f95d63db000be6505cf14af', 'https://preview.redd.it/ma59of4gm70g1.jpg?width=108&crop=smart&auto=webp&s=f6bc3fb38cad74756033512082deafa136286aec', 'https://preview.redd.it/yx8e9q4gm70g1.jpg?width=108&crop=smart&auto=webp&s=51f6cc9b93bda27f728711152f58df4e294cf7f5']"
Travel,https://old.reddit.com/r/travel/comments/8yj2tg/wandering_around_kyoto_at_night/,30723,511,Wandering around Kyoto at night,,https://i.redd.it/2yzq4i7e7p911.jpg
Travel,https://old.reddit.com/r/travel/comments/1mapqm3/the_colors_of_norway_with_absolutely_no_filters/,28898,600,The colors of Norway (with absolutely no filters),"Geiranger fjord
Trondheim
Open water just before midnight
Fjord and fjell
5-6. Nidaros Cathedral and cemetery around
One of the few remaining wooden churches
The Atlantic Ocean
Heading to Molde
Gudbrandsjuvet
Cabins in camouflage
12-13. Bryggen i Bergen
Gamlehaugen - the residence of the Norwegian Royal Family in Bergen
One of the millions of waterfalls - on Geiranger fjord
Gamle Stavanger
Steinsdalfossen
Pit stop after Trollstigen
Trollkyrkja - A hike ending with a waterfall in a cave
Atlantic Ocean Road / Atlanterhavsveien","['https://preview.redd.it/d9rvgy8yufff1.jpg?width=108&crop=smart&auto=webp&s=df6921fc092384e82eafa8d519b72a51af8965f2', 'https://preview.redd.it/fi40sz8yufff1.jpg?width=108&crop=smart&auto=webp&s=13e10f6a9570ddab8531eabd351ddc9788f3d381', 'https://preview.redd.it/7a9vqx8yufff1.jpg?width=108&crop=smart&auto=webp&s=09492459a379195158074394ecbe908fe9e9b280', 'https://preview.redd.it/qlfw9y8yufff1.jpg?width=108&crop=smart&auto=webp&s=c8c19658850662ef2baf646878cb09c9bbdbeff0', 'https://preview.redd.it/va48by8yufff1.jpg?width=108&crop=smart&auto=webp&s=390db0bc865f1a8f27c0c1d69b3d45dc3a1c11d1', 'https://preview.redd.it/jxcmsx8yufff1.jpg?width=108&crop=smart&auto=webp&s=b136b5fac14ecaffebeae7edb77fdec8abd6341b', 'https://preview.redd.it/cuiwe29yufff1.jpg?width=108&crop=smart&auto=webp&s=b71377d1621d516f7420fbf6075e500cd45b8118', 'https://preview.redd.it/mifi1y8yufff1.jpg?width=108&crop=smart&auto=webp&s=862dbee1a9498bab70a1bc150f8509916c9e7b0b', 'https://preview.redd.it/jnz1ay8yufff1.jpg?width=108&crop=smart&auto=webp&s=aa7b7eb4f33db94a526edfff32932fda26c62996', 'https://preview.redd.it/gs034y8yufff1.jpg?width=108&crop=smart&auto=webp&s=fb3b3b748b568bfb1df9d253eee4d02ed81bd859', 'https://preview.redd.it/1l4kox8yufff1.jpg?width=108&crop=smart&auto=webp&s=ac225e9c1113569e049461c681cb8c1b150f826f', 'https://preview.redd.it/x9lsvx8yufff1.jpg?width=108&crop=smart&auto=webp&s=f18a13777ca90d0aa29a5c37c69702ada8be1967', 'https://preview.redd.it/62sogy8yufff1.jpg?width=108&crop=smart&auto=webp&s=624cba4e8bb3fd451060537bf51980ca90bf48d0', 'https://preview.redd.it/4slnoz8yufff1.jpg?width=108&crop=smart&auto=webp&s=411ae16f07b6e5ae0d9ab51de3b5ce3f0e15f829', 'https://preview.redd.it/vmr4ty8yufff1.jpg?width=108&crop=smart&auto=webp&s=3b5af0dde354348fc065e719322aa82692cefb0f', 'https://preview.redd.it/6l0v9y8yufff1.jpg?width=108&crop=smart&auto=webp&s=d24db87584086692298d1fd650982d69e6ced2eb', 'https://preview.redd.it/vwd7509yufff1.jpg?width=108&crop=smart&auto=webp&s=b1f3a72b306e5f0d95a9c5fcd9c35c32fbe024f8', 'https://preview.redd.it/mjo3q09yufff1.jpg?width=108&crop=smart&auto=webp&s=c1f2aeb9c65f84f1f2157c40fdd29671124cc89e', 'https://preview.redd.it/jrirm59yufff1.jpg?width=108&crop=smart&auto=webp&s=e82bc423c995455ae1c8f83ca67dbcf0cf1dd2a8', 'https://preview.redd.it/oq4zt69yufff1.jpg?width=108&crop=smart&auto=webp&s=02e83b70698e6d3b4ce63407d9dfa8529450b33f']"
Travel,https://old.reddit.com/r/travel/comments/70ysrr/first_view_of_lauterbrunnen_valley_from_the_train/,27844,438,First view of Lauterbrunnen Valley from the train. Everyone gasped.,,https://i.imgur.com/L1atKhS.jpg
Travel,https://old.reddit.com/r/travel/comments/1hu0hev/every_seat_i_sat_in_on_my_journey_from_europe_to/,27493,496,Every seat i sat in on my journey from Europe to East Asia,,"['https://preview.redd.it/ql4hreegn4be1.jpg?width=108&crop=smart&auto=webp&s=cc5f34e0881e61b02dd04e94e8d31828b9ffb436', 'https://preview.redd.it/ns0o2fegn4be1.jpg?width=108&crop=smart&auto=webp&s=aff7cd33dc0ea928f39df4b05bdc18f7a1fcef6c', 'https://preview.redd.it/ebqz1gegn4be1.jpg?width=108&crop=smart&auto=webp&s=d3cfce318ac2396b16baf97136362e28363718b5', 'https://preview.redd.it/tr94veegn4be1.jpg?width=108&crop=smart&auto=webp&s=dc9934b7c56f1771d7e42ffe992fcb2471894b52', 'https://preview.redd.it/ldeazeegn4be1.jpg?width=108&crop=smart&auto=webp&s=89ef17193230532848c2c803d3896975003c9478', 'https://preview.redd.it/vv176eegn4be1.jpg?width=108&crop=smart&auto=webp&s=f6c856f36a78415975a7e1965f9f3585191b8244', 'https://preview.redd.it/qbhrmgegn4be1.jpg?width=108&crop=smart&auto=webp&s=751f4ecde3f02a932edae7e9b69fa326e376ad4b', 'https://preview.redd.it/ub2ckgegn4be1.jpg?width=108&crop=smart&auto=webp&s=79d04e97264c4fc6170082482dc5d03610f4d255', 'https://preview.redd.it/1woebpegn4be1.jpg?width=108&crop=smart&auto=webp&s=bbe6f20e4ffe90d444cd041098f9b2c3c2f92a2e', 'https://preview.redd.it/em91bgegn4be1.jpg?width=108&crop=smart&auto=webp&s=fda47b9bd50cf8c8e28595c4bacc871ed8ab66e4', 'https://preview.redd.it/qb7ixfegn4be1.jpg?width=108&crop=smart&auto=webp&s=c5c3c9a7181ff197df29cd18962dce7a20cb9333', 'https://preview.redd.it/dstp7gegn4be1.jpg?width=108&crop=smart&auto=webp&s=462de1b2f93cd21f4d587f1653bc0ac431ebad5b', 'https://preview.redd.it/725ligegn4be1.jpg?width=108&crop=smart&auto=webp&s=d1e62853b4c85434e4cc34a2e0e9d4677d05c632']"
Travel,https://old.reddit.com/r/travel/comments/8i4939/i_heard_this_place_had_stunning_views_but_i_just/,26912,368,"I heard this place had stunning views but I just wasn't prepared for this. My Jaw dropped. Lauterbrunnen, Switzerland",,
Travel,https://old.reddit.com/r/travel/comments/85awza/went_to_the_top_of_the_eiffel_tower_and_there/,26593,185,Went to the top of the Eiffel Tower and there just happened to be a rainbow over Paris,,https://i.redd.it/qsgaokxxlim01.jpg
Travel,https://old.reddit.com/r/travel/comments/zq1dme/my_fianc√©_and_i_were_on_flight_ha35_phxhnl_this/,26241,2511,My fianc√© and I were on flight HA35 PHX-HNL. This is the aftermath of the turbulence - people literally flew out of their seats and hit the ceiling.,,"['https://preview.redd.it/rjm9ab7grw6a1.jpg?width=108&crop=smart&auto=webp&s=fdd0d1b60a59515fbf0202d46482272ba211055f', 'https://preview.redd.it/gblbmb7grw6a1.jpg?width=108&crop=smart&auto=webp&s=a882c23acd68ffd6a775fae0f18735dc60acfcab', 'https://preview.redd.it/hxr6ec7grw6a1.jpg?width=108&crop=smart&auto=webp&s=1124459ec287b7cff743348aa5bf0a761777b15a', 'https://preview.redd.it/ul9x9d7grw6a1.jpg?width=108&crop=smart&auto=webp&s=c41052e0e21368f178dcb9e3651f8c6c575a066d']"
Travel,https://old.reddit.com/r/travel/comments/t0clvc/beautiful_ukraine_road_trip_this_summer/,25751,235,"Beautiful Ukraine, road trip this summer üá∫üá¶ ‚ù§Ô∏è",,"['https://preview.redd.it/0gh93kszlsj81.jpg?width=108&crop=smart&auto=webp&s=dea78e4bbbc2684adcef7bde74e0fd09dae5f7b8', 'https://preview.redd.it/rijnqf30msj81.jpg?width=108&crop=smart&auto=webp&s=c4a980c9c8204b20c6bdaf37d6e90f9727eeeece', 'https://preview.redd.it/uzvsi731msj81.jpg?width=108&crop=smart&auto=webp&s=16dabd6e07946e804c26d581f5e00fbe593810a6', 'https://preview.redd.it/rrvkzz91msj81.jpg?width=108&crop=smart&auto=webp&s=062ba73c859976dac9adff7ef8f6fac081c65d6d', 'https://preview.redd.it/oxi1h9y1msj81.jpg?width=108&crop=smart&auto=webp&s=77bd3e1892e23e03c99ce02e9fd48e2fd53e9400', 'https://preview.redd.it/ak455p62msj81.jpg?width=108&crop=smart&auto=webp&s=f56ea39051efdb8c13322b6611a4568fa9e74c54', 'https://preview.redd.it/yhubes73msj81.jpg?width=108&crop=smart&auto=webp&s=32307185b65e39f87e155ec4f042c538be8e887c', 'https://preview.redd.it/ym1hgni3msj81.jpg?width=108&crop=smart&auto=webp&s=453a06579e560d19f8183c172960409cf1bf398b', 'https://preview.redd.it/kaj6kqz3msj81.jpg?width=108&crop=smart&auto=webp&s=45fa35d999d55800c71d8edaa546bb72db80861c', 'https://preview.redd.it/1n8cnq94msj81.jpg?width=108&crop=smart&auto=webp&s=42888fa680225732e71577c35f9917be200b3f0f', 'https://preview.redd.it/z54pcun4msj81.jpg?width=108&crop=smart&auto=webp&s=35e6f4ffb3cfad494ee508adbf08909f67b8f590', 'https://preview.redd.it/6g4frr05msj81.jpg?width=108&crop=smart&auto=webp&s=d644d638a6c58017b8de4d8c98d15ad593dffafb', 'https://preview.redd.it/oczkuv85msj81.jpg?width=108&crop=smart&auto=webp&s=be44e84d25234e59e6684bd1d03db0f948cdc4fd', 'https://preview.redd.it/7ommz3j5msj81.jpg?width=108&crop=smart&auto=webp&s=25d8bcde361f1260cc9e4bb21f83e7c0b614cf02', 'https://preview.redd.it/v49056y5msj81.jpg?width=108&crop=smart&auto=webp&s=8d0b1c2c30723472cbcfc10a3cc629c6fed6e1c4', 'https://preview.redd.it/ayy8t046msj81.jpg?width=108&crop=smart&auto=webp&s=dd0be88a9e8f16803ef05875a1eaa56518012b5b', 'https://preview.redd.it/k6q1lgu6msj81.jpg?width=108&crop=smart&auto=webp&s=6e628e29c98ca7b7b30e79ad2bd6069e1c1fcf50', 'https://preview.redd.it/j7iqpt47msj81.jpg?width=108&crop=smart&auto=webp&s=1ad913e7b24d224fe81d7b503fde80a4505046c3', 'https://preview.redd.it/r3wiq887msj81.jpg?width=108&crop=smart&auto=webp&s=4bf97efbd48984ecffd8b529d5818e56d4161dba', 'https://preview.redd.it/t1o6pvc7msj81.jpg?width=108&crop=smart&auto=webp&s=ebfbf9743bbc979698fdc401e45cb421630db871']"
Travel,https://old.reddit.com/r/travel/comments/8tgt8u/exploring_the_italian_alps_in_my_fiat_500/,24990,546,Exploring the Italian Alps in my Fiat 500,,https://i.redd.it/jzvl6u227x511.jpg
Travel,https://old.reddit.com/r/travel/comments/61lndd/if_youre_on_a_road_trip_in_california_the_next/,24988,477,"If you're on a road trip in California the next month or so, check out what the rain has done to the desert.",,http://i.imgur.com/5y9o7Cw.jpg
Travel,https://old.reddit.com/r/travel/comments/a2k3kn/currently_on_month_5_during_my_soloworldtrip_shot/,24935,468,Currently on month 5 during my solo-worldtrip. Shot this picture in the Himalayas of Nepal yesterday.,,https://i.redd.it/nglf0o6g3z121.jpg
Travel,https://old.reddit.com/r/travel/comments/bx10cr/the_most_incredible_border_between_vietnam_china/,24748,359,The most incredible border between Vietnam & China,,https://i.redd.it/jv1fg5uuki231.jpg
Travel,https://old.reddit.com/r/travel/comments/1oxp6va/just_spent_3_weeks_in_egypt_im_never_coming_back/,24232,793,Just Spent 3 Weeks in Egypt. I‚Äôm Never Coming Back. Here‚Äôs Why.,"TL;DR:
[Spent 3 weeks in Egypt and experienced nonstop scams, fake fees, aggressive staring, double-charging, fake registration payments, drivers tripling prices, restaurants denying reservations, a USD scam at Saqqara. Writing this on my flight OUT. Egypt is a solid never again for me.]
I‚Äôve been in Egypt for 3 long weeks and I‚Äôm literally typing this on my flight OUT because I couldn‚Äôt wait another second to get away. I don‚Äôt know how else to put it  but this trip drained my soul like a Dyson vacuum on turbo mode. 
The chaos started the moment I landed. I paid $15 for ‚Äúfast immigration,‚Äù which apparently translates to stand in the same line as everyone else while random people walk straight through anyway. Then some guy appears out of nowhere demanding another $15 for a ‚Äúregistration fee,‚Äù which I‚Äôm convinced was created on the spot. Meanwhile, tons of people just walked out without paying anything. The dedication to scamming is honestly Olympic level.
And the staring‚Ä¶ holy hell. I‚Äôm a guy, I don‚Äôt scare easily, but the way people stare here is unbelievable. Men, women, whole families just staring at you nonstop like they‚Äôre trying to download your data with their eyes. I have never felt so watched and so disrespected at the same time. Then my Saqqara cab driver, who AGREED to 950 EGP, suddenly decides he deserves 3,000 extra for  waiting. My guy, you didn‚Äôt wait 3,000 years. Obviously I didn‚Äôt pay a cent of that nonsense.
At the Saqqara ticket counter, the guy says 1525 EGP. Cool. I tap my card. My screen flashes 1525 USD. USD. If I wasn‚Äôt paying attention, they would‚Äôve robbed me of $1500 with the confidence of someone ordering a latte. I‚Äôve never seen a scam attempt that bold in my life.
One of the restaurants at the Point 90 Mall was just as ridiculous. I had a reservation. Waited an hour. When the time finally came, they straight-up told me, No reservation. Like I hallucinated the whole thing. No apology, nothing. Just shrugged it off like my time was worthless.Traffic? Absolute madness. No rules, no logic, just honking. Endless honking. At this point, I think people here honk for cardio.
After 3 weeks of this circus, the scams, the staring, the fake fees, the rude attitudes, the constant pressure for money? I‚Äôm done. Completely cooked. I don‚Äôt want to stay another minute. This place made me feel like a walking ATM with legs, and if you don‚Äôt hand out cash, suddenly you‚Äôre the rude one.If you‚Äôre thinking about coming to Egypt, don‚Äôt. Just don‚Äôt. Unless your hobbies include being hustled, stared at, overcharged, and lied to before breakfast.I‚Äôve traveled a lot. I‚Äôve seen chaotic places. But Egypt? Egypt unlocked a brand new category of never again.
Anyway, thanks for coming to my TED Talk from seat 17A. I‚Äôm going home now to recover mentally.",
Travel,https://old.reddit.com/r/travel/comments/8k79uf/not_as_exotic_as_most_destinations_posted_here/,24104,551,"Not as exotic as most destinations posted here, but still just as beautiful - Seven Sisters, UK",,https://i.redd.it/a29kf8rk2hy01.jpg
Travel,https://old.reddit.com/r/travel/comments/63rkwx/my_2_room_view_in_ghorepani_nepal/,23249,679,"My $2 room view in Ghorepani, Nepal.",,http://i.imgur.com/weeU1zz.jpg
Travel,https://old.reddit.com/r/travel/comments/goeq2y/got_the_allclear_to_travel_within_switzerland/,22948,337,Got the all-clear to travel within Switzerland ‚Äî empty train with a great view.,,https://i.redd.it/fr59dac4q9051.jpg
Travel,https://old.reddit.com/r/travel/comments/7mg6wx/one_of_my_favorite_pics_from_kyoto_japan_felt/,22903,197,"One of my favorite pics from Kyoto, Japan. Felt like a scene from Lord of the Rings.",,https://i.redd.it/rm0619l9xh601.jpg
Travel,https://old.reddit.com/r/travel/comments/1p8z0fh/i_feel_morally_obligated_to_warn_you_about_tunisia/,22487,599,I feel morally obligated to warn you about Tunisia,"I‚Äôve travelled to 59 countries, lived across North Africa and the Middle East, and I‚Äôve never had a trip go wrong in so many ways at once.
I paid to enter a mosque in Kairouan, then was refused entry for being non-Muslim. No refund. Two people in this group previously said there was sinage. There's not - and a quick search on google reviews shows many tourists who were scammed the same way.
Carthage was filthy, unstaffed, unsignposted, a site left to rot.
Shopkeepers were aggressive enough to block the exit,and insult my friend who is not white by insisting that ""he is not Canadian"".
The ‚Äúfirst-class‚Äù train had broken windows, loose racks, filthy seats.
My hotel cancelled a non-refundable booking on arrival and reeked of smoke and roaches.
Then came customs. You‚Äôre told you can‚Äôt leave with dinars. After your passport is stamped, they claim you‚Äôre ‚Äúno longer in Tunisia‚Äù, even though you‚Äôre still inside a Tunisian-controlled zone surrounded by Tunisian police. With that fiction, they force you to empty your wallet. When I warned other tourists, agents shouted at me.",
Travel,https://old.reddit.com/r/travel/comments/7ojd2d/we_stayed_overnight_on_miyajima_a_little_shrine/,22358,211,"We stayed overnight on Miyajima, a little shrine island near Hiroshima, Japan. Though the late-night scene is a little sleepy, the whole place looks right out of Spirited Away.",,
Travel,https://old.reddit.com/r/travel/comments/7pvzqh/this_bridge_turned_300_years_old_in_2017_no/,22213,501,"This bridge turned 300 years old in 2017! No wonder the village of Carrbridge, Scotland is named after it.",,https://i.redd.it/kynclbsfgm901.jpg
Travel,https://old.reddit.com/r/travel/comments/euo0gk/i_spent_four_days_camping_out_in_the_remote/,21784,317,"I spent four days camping out in the remote Algerian Sahara - just me and a local guide. I took a million photos but this was one of my favourites. Freezing cold at night, but free of all light pollution the sky was breathtakingly beautiful.",,https://i.imgur.com/RelNPK3.jpg
Travel,https://old.reddit.com/r/travel/comments/1olf1bx/my_first_time_in_china_i_am_blown_away/,21501,344,My first time in China. I am blown away.,"Visited China for the first time for a 7-day trip that covered Beijing & Shanghai during the national day and mid-autumn festival. Absolutely loved the history and the people fo such a rich civilization.
Places I covered:
Tiananmen Square
Forbidden City
Temple of Heaven
Panjiayuan Flea Market
The Great Wall (Mutianyu secction)
Summer Palace
Shanghai Yu Gardens
French Concessions
Nanjing Road
The Bund
Can't wait to go back and explore Western China and the nature.","['https://preview.redd.it/5t4naiqwlkyf1.jpg?width=108&crop=smart&auto=webp&s=2e0e62dc4bac04171a085c6cf395f65f7da0a00c', 'https://preview.redd.it/meyv0iqwlkyf1.jpg?width=108&crop=smart&auto=webp&s=de63a31bb1a508c1ac5fc02f363ca1160facec65', 'https://preview.redd.it/wq8c3hqwlkyf1.jpg?width=108&crop=smart&auto=webp&s=dd570f0c60fc976ebeb9dad163db9a7cf5dcd4d4', 'https://preview.redd.it/xgr3pfqwlkyf1.jpg?width=108&crop=smart&auto=webp&s=b19621fd77cf10661f36ce5645247e376cfb6b86', 'https://preview.redd.it/qdwf7gqwlkyf1.jpg?width=108&crop=smart&auto=webp&s=478ebcc3b7e2a4b0a3771fc2e31c92a331e18634', 'https://preview.redd.it/vj66htt6mkyf1.jpg?width=108&crop=smart&auto=webp&s=a20305e59a535fe51915e1179242088b64cad369', 'https://preview.redd.it/fufb4au6mkyf1.jpg?width=108&crop=smart&auto=webp&s=73e38b3ca54c0486cba5ea0d8f81ce3632d5555e', 'https://preview.redd.it/zb5zt8u6mkyf1.jpg?width=108&crop=smart&auto=webp&s=97ebe18e0564149627e933a72e0a93631b0f2acd', 'https://preview.redd.it/e9qmwtt6mkyf1.jpg?width=108&crop=smart&auto=webp&s=8f75b1729441590af977994289d7c7118171772c', 'https://preview.redd.it/5q4u7ut6mkyf1.jpg?width=108&crop=smart&auto=webp&s=8b6ea5279d2b6147e1bba4a2308f58f8cd1da9c8', 'https://preview.redd.it/r59saow6mkyf1.jpg?width=108&crop=smart&auto=webp&s=13593699e529ab888963e2a154c7d4f9c29d278b', 'https://preview.redd.it/rvkb2tt6mkyf1.jpg?width=108&crop=smart&auto=webp&s=6ddfacd7fb944e99184217718cb7de37bbe24008', 'https://preview.redd.it/o44okst6mkyf1.jpg?width=108&crop=smart&auto=webp&s=edc3d0fa81cc70fa7e4d0ca1ef9b8f40ccdbe3b2', 'https://preview.redd.it/ay5fb1u6mkyf1.jpg?width=108&crop=smart&auto=webp&s=a25a3772e118a2dde5c057f4902f1b2a52891256', 'https://preview.redd.it/wb1hpst6mkyf1.jpg?width=108&crop=smart&auto=webp&s=572c6897996452ba15d466d0de25c49877e3b35e', 'https://preview.redd.it/2mh2put6mkyf1.jpg?width=108&crop=smart&auto=webp&s=0ef929e39389a9c57dd77303fcaeab36e1721ea8', 'https://preview.redd.it/wn6vzst6mkyf1.jpg?width=108&crop=smart&auto=webp&s=fbabb3f2c31ac9e9b1363f8342c5d15505926244', 'https://preview.redd.it/pvqj1tt6mkyf1.jpg?width=108&crop=smart&auto=webp&s=1af9d0275f2e103959e53d6781c65b6fde6b3684', 'https://preview.redd.it/mlbf9m0cmkyf1.jpg?width=108&crop=smart&auto=webp&s=d48bf0111cbc5684e314a2668889e938da010c5a', 'https://preview.redd.it/y2cszm0cmkyf1.jpg?width=108&crop=smart&auto=webp&s=1ed2add5f398ce4df3a7e10821b86a1768fb08d5']"
Travel,https://old.reddit.com/r/travel/comments/7tsgrn/just_got_back_from_driving_35000_kilometres/,21200,1016,"Just got back from driving 35,000 kilometres across North America over 6 months. Here are some highlights.",,
Travel,https://old.reddit.com/r/travel/comments/8nsv7u/if_you_were_paragliding_in_the_lauterbrunnen/,21013,284,If you were paragliding in the Lauterbrunnen Valley today I may have snapped your picture!,,https://i.redd.it/71ubhwcvpe111.jpg
Travel,https://old.reddit.com/r/travel/comments/11i9q9t/scenes_from_st_lucia_february_2023/,20753,292,"Scenes from St. Lucia, February 2023",,"['https://preview.redd.it/5rj8exbkqrla1.jpg?width=108&crop=smart&auto=webp&s=b885b824ffd650cf5b10602c47afbd058fcf5d40', 'https://preview.redd.it/04d0nxbkqrla1.jpg?width=108&crop=smart&auto=webp&s=d6a945eac5578bc979f5f9abdfa34a25a9bf4ef2', 'https://preview.redd.it/7g73bybkqrla1.jpg?width=108&crop=smart&auto=webp&s=58a5856345986505454be01d24598e994c721686', 'https://preview.redd.it/km3i9ybkqrla1.jpg?width=108&crop=smart&auto=webp&s=f54a1b75952c2087987fb1b1c14918e3debb7576', 'https://preview.redd.it/ylk4sxbkqrla1.jpg?width=108&crop=smart&auto=webp&s=6cd116fecab5a1027a865c8c882a58442e64b8a1', 'https://preview.redd.it/qieukybkqrla1.jpg?width=108&crop=smart&auto=webp&s=deee7c3f4c704fdf420819853666beea85665bf5']"
Travel,https://old.reddit.com/r/travel/comments/850ktw/new_mexicocolorado_border/,20677,521,New Mexico/Colorado border.,,https://i.redd.it/fbubew8t98m01.jpg
Travel,https://old.reddit.com/r/travel/comments/a7k36p/i_visited_in_mosul_iraq_im_just_a_normal_traveler/,20512,989,"I visited in Mosul, Iraq (I'm just a normal traveler)",,https://i.redd.it/m91qnir4o6521.jpg
Travel,https://old.reddit.com/r/travel/comments/b0ss95/first_time_athens_today_and_definitely_fell_in/,20245,483,First time Athens today and definitely fell in love with this city,,https://i.redd.it/j9u671spwyl21.jpg
Travel,https://old.reddit.com/r/travel/comments/9o5cwb/i_rarely_see_pics_of_africa_here_so_here_a_kind/,19991,367,I rarely see pics of Africa here. So here a kind reminder of how beautiful the continent is. This photo was taken in Uganda.,,https://i.redd.it/z10hs5fr87s11.jpg
Travel,https://old.reddit.com/r/travel/comments/9i7cni/the_view_outside_the_door_in_my_airbnb_on_the/,19695,269,"The view outside the door in my Airbnb on the Isle of Skye, our closest neighbor is half a mile away.",,https://i.redd.it/67cxy9ydnyn11.jpg
Travel,https://old.reddit.com/r/travel/comments/xi4qz9/do_not_ever_visit_egypt/,19464,2376,Do not ever visit Egypt,"I am an American man who came to visit Egypt, but I felt so extremely unwelcome.
I went to the pyramids of Giza and they were truly majestic, but I couldn't walk more than a few steps without being harassed and hustled by the many of the touts trying to sell things or services. They were trying to sell me camel and horse rides, trying to give me a guided tour, trying to sell me worthless crap trinkets, trying to take my phone from me and take pictures of me and my family and then demanding an absurd amount of money.
One guy that I got on top of his camel for pictures asked for money so I gave him $10 USD and he started yelling and screaming at me asking for $100 USD. I thought he is going to attack me, my family and I just quickly ran away from him.
My family member got her phone snatched and the guy took pictures of her telling her to make all these poses, and then he wouldn't give the phone back to her until she paid him $20 and then he kept complaining about how $20 is nothing and that he deserves more.
One guy came up to me to pose in a picture with me and I told him to go away but he wouldn't. He stayed in the picture while my family member was taking the pictures and then he asked for money, I got so extremely mad and I screamed at him at the top of my lungs to go away. All of the other travelers around there heard and were looking and then only did the guy go away.
Then trying to walk around Giza and Cairo, just forget about it. It's virtually impossible. All of the touts coming up to us and asking if we need a ride, or if we can buy their whatever shit trinkets they are selling. We couldn't walk more than literally 60 seconds without someone new coming to harass us.
What is it about this place that makes visitors feel so unwelcome? Why do they do this? There is so much rich history and culture to Egypt that I am sure everyone all around the world would want to visit, but why do the touts push us away instead of making us feel welcome?
When I came back to the US and all my coworkers asked me how it was, I told them the pyramids and temples were amazing, but the touts were absolutely horrible. I told them not to go, and that I would never step my foot back in Egypt ever again.",
Travel,https://old.reddit.com/r/travel/comments/7l36k8/took_a_trip_to_germany_this_summer_rothenburg_was/,19451,826,Took a trip to Germany this summer. Rothenburg was definitely a place to remember...,,https://i.redd.it/mw24k05vb4501.png
Travel,https://old.reddit.com/r/travel/comments/8ml0fg/train_ride_into_lungren_switzerland/,19451,406,"Train ride into Lungren, Switzerland",,
Travel,https://old.reddit.com/r/travel/comments/4k1ywz/how_not_to_be_a_tourist_101_as_a_canadian_i_am/,19170,1229,How not to be a tourist 101. As a Canadian I am ashamed and embarrassed. Don't be like these guys.,,
Travel,https://old.reddit.com/r/travel/comments/1oa1mkc/3_weeks_traveling_around_oman_my_new_favorite/,19011,764,"3 weeks traveling around Oman, my new favorite country in the world","Just finished a 3 week trip around Oman and focused the trip on exploring the 3 main mountain ranges of the country; the Dhofar mountains near Salalah, the Ash Sharqiyah mountains in between Sur and Muscat, and the Hajar mountains north of Nizwa. We did this trip entirely independently and self drove the whole way. The only time we hired guides was for the canyoneering and camping.
Salalah has a rainy season from June through early September where everything turns bright green and waterfalls flow all over the place. It was absolutely stunning to see these massive cliffs right on the ocean covered in deep green plants everywhere. There are tons of waterfalls, hikes, caves, beaches, and epic views to discover here.
We went camping in the Empty Quarter for a night during our time in Salalah. We hired a guide to take us since we didn‚Äôt bring any camping gear. Our guide took us to a frankincense farm, then drove us out into the dunes and set up camp on the sand. He cooked camel stew for dinner and it was delicious. It was dead quiet at night and the stars were incredible.
After 4 nights in Salalah (which isn‚Äôt nearly enough), we flew to Muscat and rented a car and drove straight to Tiwi, where we spent the next week. We spent our week here going canyoneering, and it was absolutely incredible. We hired guides for this. We explored 4 different canyons and they each had their own beautiful parts to them. We did Wadi Mibam, Wadi Shab, Wadi Taab, and Wadi Al Arbeieen. We also explored Sur a bit which is a nice coastal city. We enjoyed visiting the local supermarket (basically the same thing as a Walmart supercenter) and it was fun seeing the products we typically see made with pork being made with turkey or chicken or beef.
We then drove the long way around by the Bidiyah Sands and Nizwa to get to Al Hamra, where we spent the next few days. Nizwa is gorgeous and has an amazing old fort and ancient neighborhood to explore. Al Hamra has 400 year old ruins and an amazing museum located in a 400 year old house that you get to explore which was very cool (Bait Al Safah is the museum name). We also explored the Bahla Fort, the biggest fort in Oman, and Al Hoota cave here.
We ended our trip with a few days in Muscat. We visited the Sultan Qaboos mosque which is stunning, the mall of Oman and mall of Muscat which are both impressive, the Seeb Souq (which is the cheapest place to buy saffron and dates in Muscat), and the Muttrah Souq for souvenirs.
Overall, I absolutely love everything about Oman. It‚Äôs an incredibly beautiful, unique, and special country. The people are so kind, the scenery is out of this world, there‚Äôs endless gorgeous nature to explore and adventures to have, the food is delicious, the country is very clean and well developed and maintained, everyone cares to take care of their country which I really respect. We spent 17 days in Oman and it wasn‚Äôt nearly enough. It would take a lifetime to explore everything this country has to offer. I already plan on going back in the next few years to see more!
Costs
: overall pretty cheap coming from California. All prices are in USD. Hotels were around $80-$100 for a nice hotel. You can find budget hotels for $35-$50 a night. Food is around $3 to $8 per person, depends what kind of restaurant you go to. $3 at a local restaurant gets you a good amount of meat, tons of rice, and a small simple salad. We rented a car the whole time for about $75 a day and gas costs around $2.20 a gallon. There were some entry fees for the forts, a little high at $10 or so per person. The guides we hired were around $100 a day.
Logistics
: it was very easy doing this trip independently. Pretty much everyone speaks at least basic English, all of the important road signs are in English, the roads are very high quality and people drive the same as they do back home in the US. I self booked everything online or a few things through WhatsApp. Oman is one of the safest countries in the world, actually far safer than the US, so we felt very safe the entire time. There is basically no public transportation in the country so you need to rent a car or hire a driver to see the best parts of the country. Got an Evisa online in minutes. Overall super easy to travel around!
I really highly recommend visiting! Happy to answer any questions","['https://preview.redd.it/3z2iwppnmwvf1.jpg?width=108&crop=smart&auto=webp&s=7f35d1c784fa2f7426d8ce20a8b2f4722a5831e2', 'https://preview.redd.it/ev4gdipnmwvf1.jpg?width=108&crop=smart&auto=webp&s=8cd687b82022ce877bd305e95f01d9ea14c40e5f', 'https://preview.redd.it/gkctljpnmwvf1.jpg?width=108&crop=smart&auto=webp&s=5235d134593711b95ae9af9db54902c47a8a8c41', 'https://preview.redd.it/3aynsipnmwvf1.jpg?width=108&crop=smart&auto=webp&s=34a900e1f225dab90b1ebbad2c824823f841fd5a', 'https://preview.redd.it/mgr6zjsnmwvf1.jpg?width=108&crop=smart&auto=webp&s=db1bb1815d5061851a7724b17686a5718753330b', 'https://preview.redd.it/xtycwipnmwvf1.jpg?width=108&crop=smart&auto=webp&s=78562b6c52985498bbe5908b10003ced582dd94a', 'https://preview.redd.it/2vj7uppnmwvf1.jpg?width=108&crop=smart&auto=webp&s=38c7c1627a79bd04cafb49fda27b60455c91952e', 'https://preview.redd.it/suvzojpnmwvf1.jpg?width=108&crop=smart&auto=webp&s=bebe9a94f632d223ca9cd874b9ba65a0730a4130', 'https://preview.redd.it/l78uvjpnmwvf1.jpg?width=108&crop=smart&auto=webp&s=79003148099a1abf602a388f5ddee7518d66f01b', 'https://preview.redd.it/7rz7mkpnmwvf1.jpg?width=108&crop=smart&auto=webp&s=20f9c9b2e9b391ebff6b4fc5d13ccc8985195c57', 'https://preview.redd.it/o02unqpnmwvf1.jpg?width=108&crop=smart&auto=webp&s=0de207a855fddd8b999414f2da39a0cd3039a923', 'https://preview.redd.it/nqxtfkpnmwvf1.jpg?width=108&crop=smart&auto=webp&s=e6f97a0bddaa6bdbd2ce81dc89edc034ba98a184', 'https://preview.redd.it/xe1cbqpnmwvf1.jpg?width=108&crop=smart&auto=webp&s=bbfc52484339697bb3fe4a02f3299908b8d9c8f4', 'https://preview.redd.it/tx5t3kpnmwvf1.jpg?width=108&crop=smart&auto=webp&s=bb7d2de99c0be4821038966509718b2dedf3d600', 'https://preview.redd.it/xt9amlpnmwvf1.jpg?width=108&crop=smart&auto=webp&s=a9d073568860c89fa364937ce2a1060890a90e34', 'https://preview.redd.it/kbrmmqpnmwvf1.jpg?width=108&crop=smart&auto=webp&s=3fb6b1d0fcf56b74326f3236165a95925da301d6', 'https://preview.redd.it/n9yrrqpnmwvf1.jpg?width=108&crop=smart&auto=webp&s=00e7dbef7d219e6606363519cff9bc6e847d8f51', 'https://preview.redd.it/7r6tekpnmwvf1.jpg?width=108&crop=smart&auto=webp&s=113ac0f75c8debd8af30244224bff3a79b1ec11e', 'https://preview.redd.it/f70yoqpnmwvf1.jpg?width=108&crop=smart&auto=webp&s=840e264b58a4af5913f6e274a9fd84e3c6465f7c', 'https://preview.redd.it/jwdzakpnmwvf1.jpg?width=108&crop=smart&auto=webp&s=610edb936575d63be43d06c35ba4965fe97e718e']"
Travel,https://old.reddit.com/r/travel/comments/90xu38/after_4_days_of_trekking_over_the_salkantay_pass/,18999,350,"After 4 days of trekking over the Salkantay pass to get to Machu Picchu, I woke up around 3:30 am to try to get there before the rest of the tourists. 100% worth it for seeing the sunrise alone.",,https://i.redd.it/tgfv0r3b5ib11.jpg
Travel,https://old.reddit.com/r/travel/comments/1gnfme7/i_hiked_2650_miles_from_mexico_to_canada_on_the/,18737,633,I hiked 2650 miles from Mexico to Canada on the Pacific Crest Trail,,"['https://preview.redd.it/vtjhkk5yswzd1.jpg?width=108&crop=smart&auto=webp&s=c570eb170dcf066e12445544a65235ecb33c511d', 'https://preview.redd.it/oo65cf5yswzd1.jpg?width=108&crop=smart&auto=webp&s=305e6db0c1111934c13c3db2e652d8ebd1727f0e', 'https://preview.redd.it/mh6c7q5yswzd1.jpg?width=108&crop=smart&auto=webp&s=617cd671c6bffa501fec58915739fc6423aec96a', 'https://preview.redd.it/tn538q5yswzd1.jpg?width=108&crop=smart&auto=webp&s=82a2d89efa19e3da02666b1dbcb581f530386d56', 'https://preview.redd.it/pyvp5t5yswzd1.jpg?width=108&crop=smart&auto=webp&s=aacbda5fb9c53a0e7e1f47794ba036448f4c6199', 'https://preview.redd.it/6cft2w5yswzd1.jpg?width=108&crop=smart&auto=webp&s=132bd43672db5423c7e9d27247a8c7abc19f1943', 'https://preview.redd.it/395cay5yswzd1.jpg?width=108&crop=smart&auto=webp&s=57be299d3ad89ece47b12b3f62e72caaf14c2cd5', 'https://preview.redd.it/sacjc06yswzd1.jpg?width=108&crop=smart&auto=webp&s=de4a6a622fbed857e99850727f468cf3868f7f1f', 'https://preview.redd.it/7mr2r16yswzd1.jpg?width=108&crop=smart&auto=webp&s=20c557a55301b48b6b93ffa6aafb1b701e2b9d59', 'https://preview.redd.it/avnr646yswzd1.jpg?width=108&crop=smart&auto=webp&s=9b31c671867608024de54c9037823eb0391b82bc', 'https://preview.redd.it/eeq1b66yswzd1.jpg?width=108&crop=smart&auto=webp&s=8b6c0644bf73344290a0913ce64fd69efae0ad14', 'https://preview.redd.it/ff8x2b6yswzd1.jpg?width=108&crop=smart&auto=webp&s=1b491a7c2e1939690f4e60dd01a3d6d29b077244', 'https://preview.redd.it/kfilhd6yswzd1.jpg?width=108&crop=smart&auto=webp&s=6e01e93e7daafb623ba9ceed5f4b73319c4225b9', 'https://preview.redd.it/i1m24f7yswzd1.jpg?width=108&crop=smart&auto=webp&s=34b90f402318cd5186902fac422e923bc7e91fb1', 'https://preview.redd.it/eta46g6yswzd1.jpg?width=108&crop=smart&auto=webp&s=ab3a85a2633dc368ec80ed6b977e753f13b8a14a', 'https://preview.redd.it/oelmmh6yswzd1.jpg?width=108&crop=smart&auto=webp&s=23c11cbe25970a52ae822181bad5153111b43de6', 'https://preview.redd.it/oj024xdkywzd1.jpg?width=108&crop=smart&auto=webp&s=7234c7858fea0d18bbe09ffbcf13039e70dac358', 'https://preview.redd.it/9we8xq6yswzd1.jpg?width=108&crop=smart&auto=webp&s=8a468b79cfd316e8aff0d340464b05b98b95bc72', 'https://preview.redd.it/tyrkwsw5xwzd1.jpg?width=108&crop=smart&auto=webp&s=13bc27f1dd1626cf59145cc4855ca7fd26f06513', 'https://preview.redd.it/ms2yryunxwzd1.jpg?width=108&crop=smart&auto=webp&s=1d65f8de0399cbb634fb7d863890fbbddedcf364']"
Travel,https://old.reddit.com/r/travel/comments/8a6lq1/my_first_view_of_switzerland_from_the_train/,18714,261,My first view of Switzerland from the train.,,
Travel,https://old.reddit.com/r/travel/comments/79yadd/my_favorite_meal_in_germany_lunch_in_the_bavarian/,18572,350,My favorite meal in Germany - Lunch in the Bavarian Alps,,https://i.redd.it/jumzgfu9t7vz.jpg
Travel,https://old.reddit.com/r/travel/comments/fihkyf/does_anybody_feel_like_going_to_a_grocery_store/,18474,814,Does anybody feel like going to a grocery store of a country you're visiting is one of the best cultural experiences and highlight of the trip? Y'know trying their local delicacies and snacks and such.,,
Travel,https://old.reddit.com/r/travel/comments/byimnj/view_from_my_bed_in_an_airbnb_in_beatenberg/,18307,136,"View from my bed in an AirBNB in Beatenberg, Switzerland",,https://i.redd.it/49ow7waqxa331.jpg
Travel,https://old.reddit.com/r/travel/comments/ci2f0v/5am_in_prague/,18268,310,5am in Prague,,https://i.redd.it/lesa23c19nc31.jpg
Travel,https://old.reddit.com/r/travel/comments/1oax4kq/bears_and_views_in_alaska_june_2025/,18046,211,"Bears and views in Alaska, June 2025",,"['https://preview.redd.it/9xwpm91b34wf1.jpg?width=108&crop=smart&auto=webp&s=feb6d56ba09f831e60116f25b5247e76b182564a', 'https://preview.redd.it/enmo6g1b34wf1.jpg?width=108&crop=smart&auto=webp&s=a6f7455ec0d5edc38c3669f260afb829c20d55cc', 'https://preview.redd.it/gxwmpa1b34wf1.jpg?width=108&crop=smart&auto=webp&s=075588ee6b21c41a36aedf3cb55c513828480e89', 'https://preview.redd.it/ydbwh81b34wf1.jpg?width=108&crop=smart&auto=webp&s=1933cc63c707b2661b809227c1561d8b452ba2e9', 'https://preview.redd.it/qlhn981b34wf1.jpg?width=108&crop=smart&auto=webp&s=9f23d532ecf344ca61a96fd2906fd38adc9194a4', 'https://preview.redd.it/j8j1lf1b34wf1.jpg?width=108&crop=smart&auto=webp&s=f371aea84836a2540acf61b9812f2799e70dcae7', 'https://preview.redd.it/e8qpg91b34wf1.jpg?width=108&crop=smart&auto=webp&s=3edb74c5f11fab4b0e6d1e94e19e365d4edac635', 'https://preview.redd.it/axp8wd1b34wf1.jpg?width=108&crop=smart&auto=webp&s=ce9ccb78659a320ad65d69cb72735ce0ac15fe21', 'https://preview.redd.it/ie2per1b34wf1.jpg?width=108&crop=smart&auto=webp&s=b13e69072bcf949fa3546da6ca44a752d0fce627', 'https://preview.redd.it/lle34h1b34wf1.jpg?width=108&crop=smart&auto=webp&s=9cec6ab8892c49e78f205428ead09b2e2dbd412a', 'https://preview.redd.it/gwb6ka1b34wf1.jpg?width=108&crop=smart&auto=webp&s=0857cedf56d27e777105bd59fb9d249cb61cc5a4', 'https://preview.redd.it/fmadpl1b34wf1.jpg?width=108&crop=smart&auto=webp&s=c54ebc1757bb53e7fb011dda331cb161ae630962', 'https://preview.redd.it/k5cloe1b34wf1.jpg?width=108&crop=smart&auto=webp&s=53a7b0798ccce7cb1bc077446347732934492693']"
Travel,https://old.reddit.com/r/travel/comments/1op1dna/out_of_all_the_beautiful_things_in_syria_its_hard/,17892,510,"Out of all the beautiful things in Syria, it's hard to pick my highlights!","Finally! Syria. The country that I was hoping to visit for such a long time. Already was curious after the war effectively ended in 2018/2019 and tourism returned in the last years to over 2 million visitors per year.
Now after the liberation it's much easier (& more safe) to visit. So, I finally went on a short solo trip!
I stayed only in hotels, but made sure to meet or talk with locals every day to better understand the country and people's lives.
It was already quite difficult to pick just 20 pictures to somehow capture the country and it's of course even more difficult to describe some highlights without making it too long.
So, let's stick to a five categories that stood out to me:
Old History
Syria's history blew me away. Damascus, the oldest capital of the world, seems to be especially stuck in time.  Simple spice shops in the souq that are over 200 years old. Hotels in incredible 500 year old buildings. Remnants of the silk road and roman times everywhere. With 2,000 year old columns baked into simple, more modern, buildings.
It all looks a bit like a fairytale with all the art, architecture and designs full of details: Small alleyways with old houses; antiques are sold everywhere; a shop with old telephones; one shop that even today just sells cassettes.
And where else can you walk a street that is mentioned in the bible, visit a church built my the Apostel Paul and go to a Christian village where people still speak the language of Jesus?
Modern History
As someone that spent months or years on end on the appropriate subreddit following the war, it was fascinating to see the places that I read about in a much darker context, fill again with life and laughter.
It's of course also very sad to see how beautiful Syria is today, while also realising how much more incredible it must have been in the past. That was especially apparent in Aleppo, where even most of the old town was destroyed by the war and the Turkey-Syria earthquake in 2023. Now things are being rebuilt, and beautiful restaurants and caf√©s open up again right next to rubble and bombed out houses.
I was shown pictures and videos and heard stories about how people experienced the ""liberation"". I've also visited the heart of the Syrian revolution: Idlib. Idlib is off the usual/popular tourist route and I initially hesitated to go, because what I read on blogs (written this year) made it all seem a little too complicated and even a bit scary:
""They only accept Turkish Liria"", ""your Syrian SIM card won't work"", ""lot's of people with guns""
. The city is also heavily dramatised in videos of travel youtubers that I guess love to increase their clicks.
None of it was true. It was clean. People were very friendly. Syrian pounds were accepted everywhere. My internet worked. Not more guns than elsewhere.
Yes, as this city was ruled by Islamists and cut off from the rest of Syria, it was of course the most conservative place. Even some problematic Sunni Islamist murals were still painted on walls. Uyghurs and Uzbeks visible everywhere that presumably came as fighters and now had restaurants and shops.
Yet, all now a normal city that is again a regular part of Syria. Even my critical female friend from Aleppo that I just me the first time the day before and brought along for a day-trip and who previously thought she will never visit this city in her life was very surprised and happy that she went, because she realised that things weren't as she previously believed.
Being from Germany I was amused to see a ""House of D√∂ner"" that advertised their their signature dish with a print on the window that read: ""One bite, and you're in Berlin!"".
Food
Generally my favourite food in the world is food in that area area (Turkey, Iran, Armenia, Georgia, Syria, Lebanon). So no surprise that I absolutely loved the food in Syria and especially Aleppo.
No matter what I ate, it not only most of the time looked great, but tasted so good. My absolute favourite (& now generally top 5 dish) was Kebab B‚Äôil Karaz - a dish with lamb meatballs, bread and a sauce made with cherries.
Life
Life for locals is still tough in Syria, with basic things like ATM withdrawls, electricity and water severely limited - and the economy extremely weak. Yet, Syrians are a happy and easygoing (even too easy going sometimes: they seem to ignore traffic and just walk and stand on the street).
Celebrations that have the scale of a big street party (with costumes, dancers, DJs and professional lights) are organised for small events like the opening of a lawyer's office or a falafel shop. Of course much to the dissatisfaction of some neighbours that live in areas where they happen many times a year.
It was great to see that no matter who I talked with (Artist, Atheists, Christians, Muslims): people were not only happy about Assad being gone, but most even generally spoke positively about the situation today. I was a bit surprised that this is the case. Some explained, that people scare each other through misleading information being spread in social media.
And it's easy to be mislead there because in the years of war, people rarely left the path between home and school/university/work. Never visited other cities. Many still can't afford it. All info from social media, in war time where social media is a problematic as it can get.
Despite the president having what Trump calls a ‚Äúvery strong past"" and many being worried about various social restriction being put in place, things didn't change much so far.
Lingerie and even spicy S&M outfits are still displayed in shopping windows. Alcohol is being openly sold in shops and bars. The nightlife seems not much different to what I'm used to at home. There are no new rules for what people can wear. Women wear skirts and crop tops. Churches and various holy places of other religions are busy.
While I am not euphoric about the new leadership and fear a lot of the hope is misplaced, it's nice to see how people generally are hopeful.
People
Of course tourism is still recovering, so scams or aggressive sellers that are common in all the popular tourist countries luckily don't yet exist here.
Syrian people are for sure some of the most welcoming, generous and nice people that I have so far come across. I had great conversations, people went out of their way to offer help, I was showered in gifts, got free food, extras and invitations for tea or to stay at people homes.
Similar to other southern countries like Italy: A lot of communication happens through hand movements and facial expressions. Foreign to me, but interesting to observe.
It's impressive how people laugh about and manage problems that affect daily life, that seems hard for many (including me) to even comprehend.","['https://preview.redd.it/qobq6pf4yazf1.jpg?width=108&crop=smart&auto=webp&s=fba5e86b1770b82538f5742679892036d4f5fd0c', 'https://preview.redd.it/i7dz4pf4yazf1.jpg?width=108&crop=smart&auto=webp&s=16a0df0fbdedd32503b1e9b850122eac8a2cae23', 'https://preview.redd.it/ichm4qf4yazf1.jpg?width=108&crop=smart&auto=webp&s=6ee8cc29cf69c32423b884effc8ada5ac2100d37', 'https://preview.redd.it/2eltsof4yazf1.jpg?width=108&crop=smart&auto=webp&s=d1b37014de724f9d9e234c9b020371f0910757a3', 'https://preview.redd.it/84gl6gg4yazf1.jpg?width=108&crop=smart&auto=webp&s=548020f948c3e6e6281983f7513b26e6d349c68b', 'https://preview.redd.it/i2t9aqf4yazf1.jpg?width=108&crop=smart&auto=webp&s=af6ab0e0fd4f7acbba8c922c19531c5700a283ee', 'https://preview.redd.it/a7l6cqf4yazf1.jpg?width=108&crop=smart&auto=webp&s=d5ad8f0cc3cba38cd998fa10cf23832cc94e2a15', 'https://preview.redd.it/b8ox1pf4yazf1.jpg?width=108&crop=smart&auto=webp&s=84cfefc7886266a88f4d2e6a071e4302c76cc8b0', 'https://preview.redd.it/kd3g5rf4yazf1.jpg?width=108&crop=smart&auto=webp&s=6db0bbd152361fb77ca51ce0752f612b2ea497ff', 'https://preview.redd.it/v2gqzof4yazf1.jpg?width=108&crop=smart&auto=webp&s=66b4cdf412540fa76cb36101cf6cd92bf0a151d1', 'https://preview.redd.it/yujb7wg4yazf1.jpg?width=108&crop=smart&auto=webp&s=e99508727a2e09ef694b9a31545dd494e4d99055', 'https://preview.redd.it/kaltfof4yazf1.jpg?width=108&crop=smart&auto=webp&s=25c02995d719eaa075be894f1915af233486d501', 'https://preview.redd.it/8zhbprf4yazf1.jpg?width=108&crop=smart&auto=webp&s=933878b99c9b1f54293b0d5c407e094611a57217', 'https://preview.redd.it/shxhc2g4yazf1.jpg?width=108&crop=smart&auto=webp&s=f12065fcde0a9a830715e3fa7f7d2b032967122a', 'https://preview.redd.it/i7rorqf4yazf1.jpg?width=108&crop=smart&auto=webp&s=f4757f861a4eddec278e12426a00a58374321ba4', 'https://preview.redd.it/dgvzohch5bzf1.jpg?width=108&crop=smart&auto=webp&s=b5dbc21399fe31056048065e2d6ac9b8c61bff74', 'https://preview.redd.it/zrnozfch5bzf1.jpg?width=108&crop=smart&auto=webp&s=95361c340443f38414bbb800cfa2b0ce6817cf6c', 'https://preview.redd.it/336wfwgj5bzf1.jpg?width=108&crop=smart&auto=webp&s=15105298c2571953d77264b720fd53a1526ddce3', 'https://preview.redd.it/ct25idoo5bzf1.jpg?width=108&crop=smart&auto=webp&s=da0e15678f927ee1dbe00c670259b077875c07ac', 'https://preview.redd.it/jfj4gqf4yazf1.jpg?width=108&crop=smart&auto=webp&s=f463045b707ba0434ad1f3576224211962c6caf7']"
Travel,https://old.reddit.com/r/travel/comments/8zocnz/after_seeing_a_video_on_youtube_my_wife_promised/,17770,409,"After seeing a video on YouTube, my wife promised she‚Äôd take me to an alpine slide in Switzerland one day. Today we rode one in Kandersteg, Switzerland! It was only $5/ride.",,
Travel,https://old.reddit.com/r/travel/comments/7kuui3/over_the_years_ive_posted_quite_a_bit_of_pics/,17643,271,"Over the years I've posted quite a bit of pics here, from my travels to Asia. I thought it fitting with my love of travel to propose to my favorite travel buddy while on a trip in Hakone, Japan. She said yes :)",,
Travel,https://old.reddit.com/r/travel/comments/1oq0494/grand_egyptian_museum_is_finally_open/,17610,366,Grand Egyptian museum is finally open,"If you interested in history this is huge bro. Largest museum in the world dedicated to one civilization, for the first time you can see the whole collection of tutankuhamon in one room. If you want to see all the pieces in the museum, you will hv to spend 2 months without sleep. And it‚Äôs right next to the pyramids.","['https://preview.redd.it/g2nijvv1bnzf1.jpg?width=108&crop=smart&auto=webp&s=2672ec864b68366308a1939ad111df9b1d5c7dea', 'https://preview.redd.it/o7b226w1bnzf1.jpg?width=108&crop=smart&auto=webp&s=5bf9e8e559a1af8895e917f35a178b1e72ba184b', 'https://preview.redd.it/szow17w1bnzf1.jpg?width=108&crop=smart&auto=webp&s=df62f2df9b961b2ea351fb556c664385023d310d', 'https://preview.redd.it/dta5vyu1bnzf1.jpg?width=108&crop=smart&auto=webp&s=69bbeea5a06159491e57a3754e92943e8b8d5692', 'https://preview.redd.it/281z11v1bnzf1.jpg?width=108&crop=smart&auto=webp&s=798c885f6309081ec61f5a82511fd85dc56bca89']"
Travel,https://old.reddit.com/r/travel/comments/7obn88/my_amazing_private_villa_in_ubud_bali_indonesia/,17404,379,"My amazing private villa in Ubud, Bali, Indonesia for $28",,
Travel,https://old.reddit.com/r/travel/comments/a8dalo/would_you_believe_me_if_i_told_you_this_was_iraq/,17241,407,Would you believe me if I told you this was Iraq?,,https://i.redd.it/sygau1tyjo521.jpg
Travel,https://old.reddit.com/r/travel/comments/78211t/morning_hike_on_the_island_of_capri/,17141,172,Morning hike on the island of Capri,,https://i.redd.it/8ep92fnleftz.jpg
Travel,https://old.reddit.com/r/travel/comments/kzswdq/this_weekend_it_snowed_for_the_first_time_in/,17132,330,"This weekend, it snowed for the first time in years in Amsterdam, making a walk around the city feel like being in a fairy tale.",,
Travel,https://old.reddit.com/r/travel/comments/1ohg4h4/does_anyone_else_love_night_time_walks_in/,16874,491,Does anyone else love night time walks in medieval towns?,"Does anyone else just love walking around aimlessly in medieval towns at night? It's my favorite thing to do especially in the rain.
The first 4 pictures are from Ghent, Belgium and the last two are from Bruges, Belgium. Both a gorgeous places.
My favorite nighttime walks have been Ghent, Budapest, Prague, Vienna, Paris and Tallin. Where are yours?","['https://preview.redd.it/9d4n1swe1oxf1.jpg?width=108&crop=smart&auto=webp&s=853c98f72c3b36aa4cb00c6b5ef05f94ac40bdcc', 'https://preview.redd.it/zibos62f1oxf1.jpg?width=108&crop=smart&auto=webp&s=5fae409fa9b278008177449295159115ffec37e2', 'https://preview.redd.it/h2l48nbf1oxf1.jpg?width=108&crop=smart&auto=webp&s=d3975bf0a2fea1ff70fcd14fdadd173bed0906a4', 'https://preview.redd.it/ic6w3uff1oxf1.jpg?width=108&crop=smart&auto=webp&s=3a071aa3109e09a300822912f07aa7bbe2490d3d', 'https://preview.redd.it/oz3fc7qf1oxf1.jpg?width=108&crop=smart&auto=webp&s=54b6e8856cd393d6b11817d5972fee7f4e6f916b', 'https://preview.redd.it/ulbge5uf1oxf1.jpg?width=108&crop=smart&auto=webp&s=336ed4869be91018fe1e760890114a00b098fd1a', 'https://preview.redd.it/ezy7ck1g1oxf1.jpg?width=108&crop=smart&auto=webp&s=453684a8c54b6e6bbd1df4b5bb76b83420ab6e1a']"
Travel,https://old.reddit.com/r/travel/comments/htj1tf/had_to_vacation_in_my_home_country_this_year_i_am/,16798,254,"Had to vacation in my home country this year. I am okay with it. Romsdalen, Norway",,https://i.imgur.com/wigm9PO.jpg
Travel,https://old.reddit.com/r/travel/comments/agjgq7/i_recently_visited_north_korea_this_is_the/,16682,661,I recently visited North Korea. This is the country's main highway during rush hour.,,https://i.redd.it/vwnd5hh47ra21.jpg
Travel,https://old.reddit.com/r/travel/comments/gtd2v6/borders_are_still_closed_but_travel_inside_the/,16575,185,"Borders are still closed, but travel inside the country is encouraged. View from the hotel balcony in M√ºrren, Switzerland.",,https://i.redd.it/xvgotghc5w151.jpg
Travel,https://old.reddit.com/r/travel/comments/7zhirg/my_pov_from_the_peak_of_montana_machu_picchu/,16407,308,My POV from the peak of Montana Machu Picchu,,https://i.redd.it/tu7flsreeth01.jpg
Travel,https://old.reddit.com/r/travel/comments/9m9jd8/i_broke_out_of_my_comfort_zone_and_explored/,16125,437,"I broke out of my comfort zone and explored London solo. It‚Äôs not much to some, but it was one of my happiest moments.",,
Travel,https://old.reddit.com/r/travel/comments/d6bc1k/just_another_roadside_attraction_l√•tefossen/,16067,229,"Just another roadside attraction!!! L√•tefossen, Norway. (OC)",,
Travel,https://old.reddit.com/r/travel/comments/85p8uj/pic_i_took_of_a_suspension_bridge_in_the/,16042,86,"Pic I took of a suspension bridge in the mountains of Wakayama, Japan",,https://i.redd.it/tbpa4rpmutm01.jpg
Travel,https://old.reddit.com/r/travel/comments/eojlac/you_can_cross_the_sahara_by_hopping_an_iron_ore/,15963,540,You can cross the Sahara by hopping an Iron Ore train,,https://i.redd.it/2vbibk821qa41.jpg
Travel,https://old.reddit.com/r/travel/comments/8rsqnr/milan_prettiest_shopping_centre_in_the_world/,15951,424,Milan - Prettiest shopping centre in the world?,,https://i.redd.it/sizgqzb9ol411.jpg
Travel,https://old.reddit.com/r/travel/comments/k2rzp4/breakfast_in_cappadocia_yesterday/,15927,233,Breakfast in Cappadocia yesterday,,https://i.redd.it/tq1cx540q0261.jpg
Travel,https://old.reddit.com/r/travel/comments/6bjjox/our_airbnb_balcony_in_catalan_everything_on_the/,15923,542,"Our Airbnb balcony in Catalan (everything on the table is local, costing less than 10euros collectively, including jamon iberico)",,https://i.redd.it/cnaekpfgvwxy.jpg
Travel,https://old.reddit.com/r/travel/comments/7fei6t/went_to_edinburgh_and_it_was_amazing_the/,15795,498,Went to Edinburgh and it was amazing. The architecture of the buildings was mind blowing.,,https://i.redd.it/faucehiqo3001.jpg
Travel,https://old.reddit.com/r/travel/comments/6vgyid/my_land_before_time_experience_at_angels_landing/,15703,313,"My ""land before time"" experience at Angels Landing",,https://i.redd.it/p2sfpjuycfhz.jpg
Travel,https://old.reddit.com/r/travel/comments/8n82x7/every_day_i_was_in_cappadocia_turkey_i_woke_up_at/,15661,248,"Every day I was in Cappadocia, Turkey I woke up at 4:30 AM to sip coffee and watch the sunrise. Never did disappoint.",,https://i.redd.it/cwymtz9tiz011.jpg
Travel,https://old.reddit.com/r/travel/comments/u69iic/got_drunk_and_two_days_later_ended_up_in_budapest/,15583,310,"Got drunk and two days later ended up in Budapest alone. First time solo travelling, definitely not the last!",,"['https://preview.redd.it/emoo4cyjg9u81.jpg?width=108&crop=smart&auto=webp&s=923218222d5da7dbe7c58f539fed80e849740886', 'https://preview.redd.it/0ekebb3kg9u81.jpg?width=108&crop=smart&auto=webp&s=bc22a6bb5949bbb52859d4bd5c9b8b98a9142fce', 'https://preview.redd.it/wvci7n5kg9u81.jpg?width=108&crop=smart&auto=webp&s=27c5d83cd340914506151c66e99cec3fc305c18d', 'https://preview.redd.it/0v6m069kg9u81.jpg?width=108&crop=smart&auto=webp&s=bf941cec643a23acd4d5d376542687c0ffdd8930', 'https://preview.redd.it/qi2gsgckg9u81.jpg?width=108&crop=smart&auto=webp&s=7b1746a89a6b7dd79bfa85a123aaa9309c0a7a77', 'https://preview.redd.it/9birfzekg9u81.jpg?width=108&crop=smart&auto=webp&s=8b98d4741347e32dd5327ccf36392df648d1ee17', 'https://preview.redd.it/dsxjrrgkg9u81.jpg?width=108&crop=smart&auto=webp&s=0236105a0ce341936bae8226f9216ef8b7287e10', 'https://preview.redd.it/s2j4g8ikg9u81.jpg?width=108&crop=smart&auto=webp&s=7e9cceb705a1f4beaf6a22ba5dd929f9d522dcec']"
Travel,https://old.reddit.com/r/travel/comments/1epj1jn/leaving_t√ºrkiye_heartbroken_and_feeling_like_the/,15415,746,Leaving T√ºrkiye heartbroken and feeling like the entire country is set up as a scam,"I‚Äôll preface this by saying that my grandmother was born and raised in T√ºrkiye (diplomats). She loved the country, spoke Turkish, and returned nearly every year. She took me there about 20 years ago and as a 12 year old, I really loved it.
Fast forward these past two decades and I‚Äôm so excited to take my spouse there. I am now sitting at IST feeling completely the opposite. Here is just a small section of why I felt so scammed by nearly the entire experience in only 3 days:
The airport approved taxi with fixed price tried to rip us off for 3x the fixed price into Istanbul. He locked the doors when I refused to pay the inflated price and threatened to call the police. I managed to get the locked door open and leave the agreed upon payment on the seat.
We had the ‚Äútourist price‚Äù menus constantly given to us with massive price gouging. Then when a Turkish friend joined us for dinner, we found out what was happening. Not to mention the constant yelling and cajoling of street scammers trying to get their next victim.
My spouse fell for the common shoe shine scam. This is my fault for not warning her so shame on me. She is also the nicest person I know so it feels even worse. But this guy actually ended up reaching into her bag and grabbing her wallet and removing 20‚Ç¨ (all that was in it thankfully) before running off. So aggressive.
I wanted to take a photo of the building where my great-grandfather worked. It used to be an embassy, but is now a social club. I was angrily screamed at and told to leave despite being on a public sidewalk. I tried to explain why I wanted a photo using Google translate and the ‚Äúsecurity man‚Äù only screamed more and threatened to call the cops unless I paid him. I just ended up walking away and into the hotel across the street.
We just wanted to buy some Turkish delight to take home to my spouse‚Äôs mother. The shop owner charged us 4x what was told to us it would be when he wrapped it up. He threatened to call the cops if we didn‚Äôt pay, so we did, and now I am contesting the charge with the credit card company. We are two women in a foreign country so it‚Äôs not like we are going to keep arguing with some random man we don‚Äôt know.
Our hotel demanded we pay half our room in cash and were pressuring us at check out to write a ‚Äúfive star‚Äù review online while standing there. Constant two-faced behaviour, especially when the wifi stopped working and the lift went out.
Finally, let‚Äôs just even look at this airport. The view that every foreigner is a piggy bank continues. 22‚Ç¨ for a f***ing burger at Burger King even at an inflated airport price is insane. There are not that many places to fill up water bottles either, so I suppose it‚Äôs 10‚Ç¨ for a bottle or just dehydrate yourself! Oh, and want internet? You only get it for an hour and you have to go get a special password! World‚Äôs best airport? Maybe world‚Äôs best scam airport.
I‚Äôve lived in multiple Global South countries and never have I been so eager to leave a place, even where less developed than T√ºrkiye so this is not some ‚Äúwestern tourist‚Äù issue. T√ºrkiye really has an issue on its hands and it is very lucky it has such beautiful and significant historical and religious sites to encourage people to come. It seemed every time we left our hotel we were barraged with scammers viewing two Dutch blonde women as being rich. One of us is a school teacher and the other works in international development so we are not flush with cash. From start to finish, I felt extremely sad and guilty for feeling so upset and angry since this was my grandmother‚Äôs favourite place. I pride myself in being culturally respectful and sensitive, but even trying to take a step back and looking at it all from their perspective didn‚Äôt help. I would never dream of scamming anyone out of money while also pretending to be kind. Another box of worms: these guys scam, never face any consequences, but me, the gay person, has to pretend not to be while I‚Äôm in the country to be respectful of the homophobic culture and protect myself from being the victim of discrimination and crime. Makes total sense.
For a country that wants so badly to be part of the European community, shame on it for supporting and tolerating this culture of scam. I‚Äôve travelled plenty throughout countries such as Bosnia and Herzegovina, Montenegro, Albania, etc. also wanting to be in the European Union and never once felt like every move was vulnerable to being scammed.
I have many Turkish friends in the Netherlands and now fully understand why they wouldn‚Äôt want to live in T√ºrkiye. I understand this population of scammers represents a small portion of Turkish people and most people are good, but the country needs to stop allowing this sort of culture. Tons of police officers stand around doing nothing. There‚Äôs almost no way to report this sort of thing to be taken seriously. These men are allowed to yell from their shops and overcharge ‚Äúidiot‚Äù foreigners.
I really supported the country before this, but now I will never come back to this country that my grandmother loved so dearly. I really am heartbroken.",
Travel,https://old.reddit.com/r/travel/comments/havqd1/missing_the_view_from_my_apartment_in_florence/,15273,330,Missing the view from my apartment in Florence. Spring 2020 was the wrong semester to study abroad....,,https://i.redd.it/p85nxcop8i551.jpg
Travel,https://old.reddit.com/r/travel/comments/cv7mzz/duomo_di_milano_the_greatest_building_ive_seen_in/,15195,342,Duomo di Milano. The greatest building I've seen in person.,,https://i.redd.it/c3uuei964li31.jpg
Travel,https://old.reddit.com/r/travel/comments/723q4q/a_quintessentially_edinburgh_picture_with_my_2/,15068,234,A quintessentially Edinburgh picture with my 2 favourite buildings,,https://i.redd.it/nx668x116snz.jpg
Travel,https://old.reddit.com/r/travel/comments/86m674/the_overnight_train_from_bangkok_to_chiang_mai/,14991,344,The overnight train from Bangkok to Chiang Mai,,https://i.imgur.com/6QHMpz8.jpg
Travel,https://old.reddit.com/r/travel/comments/532277/deltacom_unethically_increases_price_by_10_after/,14991,806,Delta.com Unethically Increases Price By 10% After Final Payment Screen,,
Travel,https://old.reddit.com/r/travel/comments/htxnuq/took_this_photo_on_thursday_traveling_in_my_own/,14976,143,"Took this photo on Thursday Traveling in my own country, Mauranger, Norway. The Blu green water comes from a glacier.",,https://i.redd.it/gs596nm46sb51.jpg
Travel,https://old.reddit.com/r/travel/comments/6n8exv/french_air_force_flypast_for_bastille_day/,14955,249,French Air Force Fly-past for Bastille Day,,
Travel,https://old.reddit.com/r/travel/comments/13bn3wg/have_you_ditched_airbnb_and_gone_back_to_using/,14912,2550,Have you ditched Airbnb and gone back to using hotels?,"Remember when Airbnb was new? Such a good idea. Such great value.
Several years on, of course we all know the drawbacks now - both for visitors and for cities themselves.
What increasingly shocks are the prices: often more expensive than hotels, plus you have to clean and tidy up after yourself at the end of your visit.
Are you a formerly loyal Airbnb-user who‚Äôs recently gone back to preferring hotels, or is your preference for Airbnb here to stay? And if so, why?",
Travel,https://old.reddit.com/r/travel/comments/8u0vsi/a_medieval_arch_and_aqueduct_in_perugia_italy_oc/,14863,100,"A medieval arch and aqueduct in Perugia, Italy. [OC]",,https://i.imgur.com/Fm7ghVO.jpg
Travel,https://old.reddit.com/r/travel/comments/bnacgc/my_two_travel_journals/,14826,380,My two travel journals.,,https://i.imgur.com/Ite9Fii.jpg
Travel,https://old.reddit.com/r/travel/comments/9hnf6w/its_forecast_to_be_really_hot_in_prague_today_so/,14765,232,"It's forecast to be really hot in Prague today, so we decided to get all of our sightseeing out of the way between 5:30 and 7:30 this morning. Couldn't have made a better decision.",,https://i.redd.it/6rvxdytfwjn11.jpg
Travel,https://old.reddit.com/r/travel/comments/5iuunm/the_first_and_last_photo_of_my_trip/,14748,239,The first and last photo of my trip.,,https://i.redd.it/21xy1ij2854y.jpg
Travel,https://old.reddit.com/r/travel/comments/86tbyy/colmar_france_in_the_litte_venice_neighborhood/,14651,195,"Colmar, France. In the Litte Venice neighborhood.",,https://i.redd.it/3uch24qc1qn01.jpg
Travel,https://old.reddit.com/r/travel/comments/1hkbdy8/i_visited_egypts_new_administrative_capital_it/,14643,424,I visited Egypt‚Äôs ‚Äúnew administrative capital‚Äù - it was empty,,"['https://preview.redd.it/ysvbmmhdph8e1.jpg?width=108&crop=smart&auto=webp&s=a61a9bef5254ef8086384d2a4d514a25c14bc989', 'https://preview.redd.it/asukxmhdph8e1.jpg?width=108&crop=smart&auto=webp&s=75596d98e9a77e3cb9034872834e32accc579dbb', 'https://preview.redd.it/61l0tmhdph8e1.jpg?width=108&crop=smart&auto=webp&s=c03ece8e30cb2e4820d491592439de051ffd560e', 'https://preview.redd.it/i3swslhdph8e1.jpg?width=108&crop=smart&auto=webp&s=f82c3ce4a232dabf371f447cfa1f7ed6a93540e3', 'https://preview.redd.it/8334qmhdph8e1.jpg?width=108&crop=smart&auto=webp&s=fda1c27b9f748b19406694fc1c963e6aa32e2cff', 'https://preview.redd.it/tewlbmhdph8e1.jpg?width=108&crop=smart&auto=webp&s=6370928dfd0c6293531a1f4131ef70dc62f8d7c7', 'https://preview.redd.it/6vlkilidph8e1.jpg?width=108&crop=smart&auto=webp&s=106ca17ef7479b5c4410be159795c4f5082115c5', 'https://preview.redd.it/zwh7cmhdph8e1.jpg?width=108&crop=smart&auto=webp&s=a2b612b09d75caa4ef23322a1ea358da926cbbc4', 'https://preview.redd.it/hvsehmhdph8e1.jpg?width=108&crop=smart&auto=webp&s=9897517bc874be35a58c82a252df8a221bf50991', 'https://preview.redd.it/uignhkidph8e1.jpg?width=108&crop=smart&auto=webp&s=ae2cf24a25219020bdf1fad96d6c889db44ea477']"
Travel,https://old.reddit.com/r/travel/comments/arzmfo/barcelona_has_many_amazing_views_but_i_suggest/,14610,191,Barcelona has many amazing views but i suggest this one from the rooftop bar across from the cathedral.,,https://i.redd.it/lwakl5qo3dh21.jpg
Travel,https://old.reddit.com/r/travel/comments/7u9373/cycling_through_yangshuo_was_definitely_a/,14568,224,Cycling through Yangshuo was definitely a highlight for us in China.,,https://i.redd.it/ebmw8xh4vdd01.jpg
Travel,https://old.reddit.com/r/travel/comments/1dxnie7/travelling_with_a_picky_eater_is_the_worst/,14513,923,Travelling with a picky eater is the WORST,"Currently in Seoul, Korea with my aunt and my cousin. it was meant to be a solo trip but my aunt suggested that we travel together for 2 days since we are in Seoul together on these days. I've been here before but not them so she thought it'd Also be nice for me to guide them around for a bit.
 My cousin is the pickiest eater I have ever had the displeasure of travelling with. Such a royal pain in the butt. For her, even jokbal (pork trotters) is too ""exotic and weird"". We passed by a dakgalbi restaurant and she also refused because she's worried it'll be spicy (it's literally not...). We had a delicious kbbq dinner but she only ate plain meat and rice because she refused to eat any of the free side dishes. She sulked the whole dinner and we had to go to Subway after that. What about Korean fried chicken? Who doesn't like that?? HER.
The most irritating and audacious thing happened today. We went to a Korean Chinese restaurant and I ordered my favourite jajangmyeon, my aunt ordered jjampong and cousin ordered... dumplings. Yay. Something she's willing to eat. When my jajangmyeon came, she looked at it with disgust and let out a silent ""Eww"". And at some point even said something along the lines of ""that looks disgusting"" ""you really like that?"" ...I was really annoyed and pissed at that point but I didn't want to get angry on vacation so I just said ""Yeah it actually tastes better than it looks, want some?"" She shook her head and didn't say anything else. I just found her comments so stupid and uncalled
for because I spent some time on the map app searching for restaurants that has food her stupid palate can handle. 
Anyways we're fortunately parting ways tomorrow as I am moving to Suwon and then Busan so I can't wait to enjoy the rest of my trip eating all my favourite Korean food and she can eat all the sandwiches she want. I don't care if I sound childish or petty because I just needed to let this out because I've been so sick of her.
Korea is amazing though I highly recommend.",
Travel,https://old.reddit.com/r/travel/comments/73ka67/morning_walk_to_the_bakery_in_thann_france/,14503,182,Morning walk to the bakery in Thann / France,,https://i.redd.it/k6romnjr26pz.jpg
Travel,https://old.reddit.com/r/travel/comments/1nin8pc/iraq_stole_my_heart/,14478,713,Iraq - stole my heart,"Some pics from my travels around Iraq. I visited: Baghdad, Mosul, Samarra, Babylon, Kish, Karbala, Najaf, Ur and Mesopotamian Marshes.","['https://preview.redd.it/zd8ilp126kpf1.jpg?width=108&crop=smart&auto=webp&s=05e49abc5218241eff8080b843d8dd8ba3f4702a', 'https://preview.redd.it/34dytr226kpf1.jpg?width=108&crop=smart&auto=webp&s=1b5be4bda057a9f2015f15f127b362fc89f5b39d', 'https://preview.redd.it/4xajo2126kpf1.jpg?width=108&crop=smart&auto=webp&s=90b2e2225abcd8eb7f298fdb4ab3483141936b0b', 'https://preview.redd.it/i7qmog126kpf1.jpg?width=108&crop=smart&auto=webp&s=5984c30984e50b1fe0d9d694b31195242b486c5c', 'https://preview.redd.it/4daq4m226kpf1.jpg?width=108&crop=smart&auto=webp&s=819e16d0b8103af0bf0f500e7f2c4ae602b876db', 'https://preview.redd.it/pc9t4x226kpf1.jpg?width=108&crop=smart&auto=webp&s=0cd3d4e91902862a990b6d158058a00394ed1406', 'https://preview.redd.it/hxwjcf326kpf1.jpg?width=108&crop=smart&auto=webp&s=4b99b4ec6729f1b44949214bca8cf6a43486d4ea', 'https://preview.redd.it/4pj75l226kpf1.jpg?width=108&crop=smart&auto=webp&s=417a1ab6a20ab4aaa30d4c1314c4dcc72efd2933', 'https://preview.redd.it/m5hufw226kpf1.jpg?width=108&crop=smart&auto=webp&s=714a0769365bcd7930014c0f568d8025a425975b', 'https://preview.redd.it/smpy9w326kpf1.jpg?width=108&crop=smart&auto=webp&s=9f3bf38ebd0bb8b6fa6266bdd08e447b4c9c92a4', 'https://preview.redd.it/x9fp5v126kpf1.jpg?width=108&crop=smart&auto=webp&s=d2580947e9a7ba26a4b0722cae550a250f5bb5f6', 'https://preview.redd.it/c6hzze226kpf1.jpg?width=108&crop=smart&auto=webp&s=84e5e8eeed31f4d919e76f9ad8d79eacd80fea3f', 'https://preview.redd.it/3tbwkk526kpf1.jpg?width=108&crop=smart&auto=webp&s=3b43098c005f66e4fc4b241eff18b3985d2a3ff1', 'https://preview.redd.it/n8m3ba226kpf1.jpg?width=108&crop=smart&auto=webp&s=e66088e70c3f35ed1cf2cdf70a881e9275588058', 'https://preview.redd.it/hsf00k126kpf1.jpg?width=108&crop=smart&auto=webp&s=eaf52f918ca34a3bec0c8d37f844e0203149f3f9', 'https://preview.redd.it/zg2z70326kpf1.jpg?width=108&crop=smart&auto=webp&s=eb99d29ab06e62a672fb305a25e1c47a99445ed0', 'https://preview.redd.it/5emf18326kpf1.jpg?width=108&crop=smart&auto=webp&s=7c8651ee4f1dbab5d889febebd064c3cda30376c', 'https://preview.redd.it/7f2502126kpf1.jpg?width=108&crop=smart&auto=webp&s=ff8ec15b1618a8731f12697de4bbe11ce82a2551', 'https://preview.redd.it/a1rvli126kpf1.jpg?width=108&crop=smart&auto=webp&s=a148ab195fc18c50b6e76c2b79e678b3125f9788', 'https://preview.redd.it/5qoiry126kpf1.jpg?width=108&crop=smart&auto=webp&s=e9e9a0e5f5f3ade3b5f3f044b7f18cd1a88a0177']"
Travel,https://old.reddit.com/r/travel/comments/11cg0ih/my_grandads_1950s_europe_trip_photos_newly/,14427,407,My Grandad's 1950s Europe Trip Photos - Newly developed slides,,"['https://preview.redd.it/e2z40p351jka1.jpg?width=108&crop=smart&auto=webp&s=3a187e06f2bad1ae346305a982cadae91180c197', 'https://preview.redd.it/y55s434y1jka1.jpg?width=108&crop=smart&auto=webp&s=7aaba240a4b04ed253e3dbeffc16aae5da5fb5a9', 'https://preview.redd.it/4g0oaw351jka1.jpg?width=108&crop=smart&auto=webp&s=bd2d61caa2363a6042cc609ccc021f21ade078bc', 'https://preview.redd.it/bgzqte351jka1.jpg?width=108&crop=smart&auto=webp&s=f8a2adb39fb2016d0eb2fe2e8851ffe071f561b9', 'https://preview.redd.it/r58dxm351jka1.jpg?width=108&crop=smart&auto=webp&s=b288f9002e79bd21b371e2d40da7869a724348c7', 'https://preview.redd.it/xk4bqf351jka1.jpg?width=108&crop=smart&auto=webp&s=b1663d01f246643023dcda7f3e6ab423eb03f4fe', 'https://preview.redd.it/szbtwg351jka1.jpg?width=108&crop=smart&auto=webp&s=082210057853392a4c13eec4a8c1e8b7504db64e', 'https://preview.redd.it/m9uxln351jka1.jpg?width=108&crop=smart&auto=webp&s=879638efb6d527adf02cd8968bde53b8bd9bdc31', 'https://preview.redd.it/odeouc351jka1.jpg?width=108&crop=smart&auto=webp&s=5639ae78aecec4e21ae2bd3e40b807e68b495465', 'https://preview.redd.it/9yjq2f351jka1.jpg?width=108&crop=smart&auto=webp&s=aa3796eea5a7b92f1a795aa81331b75733c832d8', 'https://preview.redd.it/cf3php351jka1.jpg?width=108&crop=smart&auto=webp&s=e1ae59629c3fe8d3a0b784991b597ac61daf1ecb', 'https://preview.redd.it/dxtns5451jka1.jpg?width=108&crop=smart&auto=webp&s=40862da9ebb369c4716e47c9011cfd41dcabf22d', 'https://preview.redd.it/v47aiy351jka1.jpg?width=108&crop=smart&auto=webp&s=e63129f20328be55e0aac46d318301d231cb3d33', 'https://preview.redd.it/dzlxdt351jka1.jpg?width=108&crop=smart&auto=webp&s=aaac91178fd86e5b05bc91bcd7e0a60da95056a7', 'https://preview.redd.it/w4kmxn351jka1.jpg?width=108&crop=smart&auto=webp&s=493dec17a8b5ed562c1d9ee37f52d147e0d641bc', 'https://preview.redd.it/oqnhxq351jka1.jpg?width=108&crop=smart&auto=webp&s=9f26732137eb8509aec13ffe1c98f8b0a2959a3f', 'https://preview.redd.it/3774xf351jka1.jpg?width=108&crop=smart&auto=webp&s=77d84ce65ad6f896fb5621f0fd4f3774d9f7cc9f', 'https://preview.redd.it/9abfxt351jka1.jpg?width=108&crop=smart&auto=webp&s=e7cd5e99a81fc4bb6466f984f1008c9172cfd5b7', 'https://preview.redd.it/hzzfle351jka1.jpg?width=108&crop=smart&auto=webp&s=844152fddffdefefb2941f624164968097fc3c57', 'https://preview.redd.it/w2t75r351jka1.jpg?width=108&crop=smart&auto=webp&s=d854c746de0508fb1f2708589c9fe9e87d324ece']"
Travel,https://old.reddit.com/r/travel/comments/6qu6lq/my_favorite_part_of_tokyo_was_just_wandering_the/,14305,266,My favorite part of Tokyo was just wandering the alleys.,,https://i.redd.it/aux27rp3a2dz.jpg
Travel,https://old.reddit.com/r/travel/comments/48myc2/i_got_a_room_for_25_and_was_the_only_one_here_ao/,14276,778,"I got a room for $25 and was the only one here - Ao Nang, Thailand.",,http://i.imgur.com/TEno6LJ.jpg
Travel,https://old.reddit.com/r/travel/comments/7w5gal/breakfast_with_a_view_of_the_taj_mahal/,14248,548,Breakfast with a view of the Taj Mahal,,https://i.redd.it/gnfgu1vq90f01.jpg
Travel,https://old.reddit.com/r/travel/comments/8hmq7f/taking_off_from_gibraltar_and_seeing_morocco_in/,14105,360,Taking off from Gibraltar and seeing Morocco in the distance [OC],,
